TICKER,ISIN,COUNTRY_OF_PRIMARY_MARKET,TRADING_COUNTRY,TRADING_CURRENCY,IS_COMPOSITE
MURGFn,DE0008430026,DE,,USD,N
AIRp,NL0000235190,FR,,EUR,N
TOTB,FR0000120271,FR,DE,EUR,N
SAPd,DE0007164600,DE,GB,EUR,N
SAP,DE0007164600,DE,RO,RON,N
PDRDF,FR0000120693,FR,US,USD,N
BASd,DE000BASF111,DE,GB,EUR,N
BCDRF,ES0113900J37,ES,US,USD,N
INGA,NL0011821202,NL,CH,CHF,N
SND,FR0000121972,FR,DE,EUR,N
AXA,FR0000120628,FR,DE,EUR,N
MOH,FR0000121014,FR,DE,EUR,N
TOTB,FR0000120271,FR,DE,EUR,N
BSD2,ES0113900J37,ES,DE,EUR,N
SANe,ES0113900J37,ES,GB,EUR,N
SBGSF,FR0000121972,FR,US,USD,N
FLTRl,IE00BWT6H894,GB,GB,GBP,N
PER,FR0000120693,FR,DE,EUR,N
SND,FR0000121972,FR,DE,EUR,N
ESOCF,IT0003128367,IT,US,USD,Y
AIL,FR0000120073,FR,DE,EUR,N
MUV2,DE0008430026,DE,IT,EUR,N
RIp,FR0000120693,FR,GB,EUR,N
ADS,DE000A1EWWW0,DE,DE,EUR,N
SAPGF,DE0007164600,DE,US,USD,N
BSD2,ES0113900J37,ES,DE,EUR,N
BNCl,ES0113900J37,ES,,GBP,N
DB1d,DE0005810055,DE,GB,EUR,N
VNA,DE000A1ML7J1,DE,DE,EUR,N
BAY,DE000BAY0017,DE,IT,EUR,N
ADa,NL0011794037,NL,GB,EUR,N
VNAd,DE000A1ML7J1,DE,GB,EUR,N
SCHN,FR0000121972,FR,IT,EUR,N
ISPm,IT0000072618,IT,GB,EUR,N
MUV2,DE0008430026,DE,CH,CHF,N
SAPd,DE0007164600,DE,GB,EUR,N
IFX,DE0006231004,DE,DE,EUR,N
AIL,FR0000120073,FR,DE,EUR,N
PHIAa,NL0000009538,NL,DE,EUR,N
IFX,DE0006231004,DE,DE,EUR,N
BSD2,ES0113900J37,ES,DE,EUR,N
BFFAFn,DE000BASF111,DE,,USD,N
PHIA,NL0000009538,NL,IT,EUR,N
TTEp,FR0000120271,FR,GB,EUR,N
RIp,FR0000120693,FR,,EUR,N
RYLPF,NL0000009538,NL,US,USD,N
BCDRFn,ES0113900J37,ES,,USD,N
VOW3d,DE0007664039,DE,GB,EUR,N
SANe,ES0113900J37,ES,,EUR,N
EIPAFn,IT0003132476,IT,,USD,N
SUp,FR0000121972,FR,GB,EUR,N
SAN,ES0113900J37,ES,ES,EUR,N
0HAR,FR0000120628,FR,GB,EUR,N
CRHl,IE0001827041,GB,,GBP,N
FCAUn,NL00150001Q9,IT,,USD,N
IXD1,ES0148396007,ES,DE,EUR,N
MBG,DE0007100000,DE,DE,EUR,N
SAP,DE0007164600,DE,CH,CHF,N
INN1,NL0011821202,NL,DE,EUR,N
SANTu,ES0113900J37,ES,GB,EUR,N
VW-V,DE0007664039,DE,CH,CHF,N
ENIm,IT0003132476,IT,GB,EUR,N
AIRd,NL0000235190,FR,GB,EUR,N
IXD1,ES0148396007,ES,DE,EUR,N
MUV2,DE0008430026,DE,DE,EUR,N
CRG,IE0001827041,GB,DE,EUR,N
DPW,DE0005552004,DE,DE,EUR,N
PPX,FR0000121485,FR,DE,EUR,N
TTEp,FR0000120271,FR,,EUR,N
AXA,FR0000120628,FR,DE,EUR,N
KERp,FR0000121485,FR,DE,EUR,N
BSN,FR0000120644,FR,DE,EUR,N
SNYNF,FR0000120578,FR,US,USD,N
SU,FR0000121972,FR,FR,EUR,N
FLTRl,IE00BWT6H894,GB,GB,GBP,N
ENI,IT0003132476,IT,DE,EUR,N
SAP,DE0007164600,DE,DE,EUR,N
DB1d,DE0005810055,DE,,EUR,N
KNEBVh,FI0009013403,FI,GB,EUR,N
BMW,DE0005190003,DE,CH,CHF,Y
0P6M,DE0007236101,DE,GB,EUR,Y
MCp,FR0000121014,FR,GB,EUR,N
EI,FR0000121667,FR,CH,CHF,Y
ALV,DE0008404005,DE,DE,EUR,N
KNEBVh,FI0009013403,FI,GB,EUR,N
BMW,DE0005190003,DE,IT,EUR,N
ABIb,BE0974293251,BE,GB,EUR,N
BSN,FR0000120644,FR,DE,EUR,N
DPWd,DE0005552004,DE,GB,EUR,N
INGA-U,NL0011821202,NL,IT,EUR,N
SIEMEt,DE0007236101,DE,,HUF,N
SIEd,DE0007236101,DE,,EUR,N
KERp,FR0000121485,FR,NL,EUR,N
SAP,DE0007164600,DE,DE,EUR,N
ALV,DE0008404005,DE,DE,EUR,N
0HIT,ES0144580Y14,ES,GB,EUR,N
SEJ1,FR0000073272,FR,DE,EUR,N
PER,FR0000120693,FR,DE,EUR,N
DPW,DE0005552004,DE,DE,EUR,N
ALLA,DE0008404005,DE,NL,EUR,N
SUp,FR0000121972,FR,DE,EUR,N
BAS,DE000BASF111,DE,DE,EUR,N
VOW3d,DE0007664039,DE,GB,EUR,N
IBE1,ES0144580Y14,ES,DE,EUR,N
MBG,DE0007100000,DE,DE,EUR,N
AXA,FR0000120628,FR,HU,HUF,N
0HAR,FR0000120628,FR,GB,EUR,Y
MCp,FR0000121014,FR,NL,EUR,N
PPX,FR0000121485,FR,DE,EUR,N
SNYNF,FR0000120578,FR,US,USD,Y
0O0U,DE0005190003,DE,GB,EUR,N
DAIMLER,DE0007100000,DE,HU,HUF,N
1NBA,BE0974293251,BE,DE,EUR,N
IBE1,ES0144580Y14,ES,DE,EUR,Y
AIRp,NL0000235190,FR,NL,EUR,N
AIRd,NL0000235190,FR,GB,EUR,N
SIE,DE0007236101,DE,IT,EUR,N
ADSd,DE000A1EWWW0,DE,,EUR,N
IBE1,ES0144580Y14,ES,DE,EUR,N
ASME,NL0010273215,NL,DE,EUR,Y
0QWI,ES0148396007,ES,GB,EUR,N
IBE1,ES0144580Y14,ES,DE,EUR,N
ASME,NL0010273215,NL,DE,EUR,N
SAF,FR0000073272,FR,CH,CHF,N
MUV2d,DE0008430026,DE,GB,EUR,N
AIRp,NL0000235190,FR,GB,EUR,N
PHIAa,NL0000009538,NL,NL,EUR,N
VLKPF,DE0007664039,DE,US,USD,Y
KNYJFn,FI0009013403,FI,,USD,N
IITSFn,IT0000072618,IT,,USD,N
ORA,FR0000120321,FR,NL,EUR,N
CRHCF,IE0001827041,GB,US,USD,N
MBGd,DE0007100000,DE,GB,EUR,N
PER,FR0000120693,FR,DE,EUR,N
AIL,FR0000120073,FR,DE,EUR,N
LOR,FR0000120321,FR,DE,EUR,N
BSD2,ES0113900J37,ES,DE,EUR,N
PPBi,IE00BWT6H894,IE,GB,EUR,N
PDYPF,IE00BWT6H894,GB,US,USD,Y
LOR,FR0000120321,FR,DE,EUR,N
0RI8,NL0011794037,NL,GB,EUR,N
SIN,DE0007236101,DE,CH,CHF,N
ENI,IT0003132476,IT,DE,EUR,N
INN1d,NL0011821202,NL,GB,EUR,N
SND,FR0000121972,FR,DE,EUR,N
DPW,DE0005552004,DE,RO,RON,N
IXD1,ES0148396007,ES,DE,EUR,N
BOY,ES0113211835,ES,DE,EUR,N
CRG,IE0001827041,GB,DE,EUR,N
DB1Gn,DE0005810055,DE,IT,EUR,N
VNAd,DE000A1ML7J1,DE,DE,EUR,N
BSN,FR0000120644,FR,DE,EUR,N
ENI,IT0003132476,IT,DE,EUR,N
HMI,FR0000052292,FR,DE,EUR,N
AXA,FR0000120628,FR,DE,EUR,N
STLAm,NL00150001Q9,IT,GB,EUR,N
ALV,DE0008404005,DE,CH,CHF,Y
CSp,FR0000120628,FR,DE,EUR,N
EIp,FR0000121667,FR,NL,EUR,N
MOH,FR0000121014,FR,DE,EUR,N
SAP,DE0007164600,DE,DE,EUR,N
SANp,FR0000120578,FR,GB,EUR,N
FLTRi,IE00BWT6H894,GB,,EUR,N
VWVz,DE0007664039,DE,GB,CHF,N
ESLOF,FR0000121667,FR,US,USD,N
SAP,DE0007164600,DE,DE,EUR,N
BASz,DE000BASF111,DE,,CHF,N
VOW3,DE0007664039,DE,DE,EUR,Y
VNA,DE000A1ML7J1,DE,DE,EUR,N
BVA,ES0113211835,ES,GB,EUR,N
IES,IT0000072618,IT,DE,EUR,N
CSp,FR0000120628,FR,GB,EUR,N
SANp,FR0000120578,FR,,EUR,N
FPB,FR0000120271,FR,BE,EUR,N
ISPm,IT0000072618,IT,GB,EUR,N
VNA,DE000A1ML7J1,DE,DE,EUR,N
VOW3d,DE0007664039,DE,GB,EUR,N
AIRp,NL0000235190,FR,GB,EUR,N
BNPp,FR0000131104,FR,GB,EUR,N
IBEe,ES0144580Y14,ES,GB,EUR,N
1NBA,BE0974293251,BE,DE,EUR,N
INGVF,NL0011821202,NL,US,USD,Y
STLAp,NL00150001Q9,IT,GB,EUR,N
BSD2,ES0113900J37,ES,DE,EUR,N
ASME,NL0010273215,NL,DE,EUR,N
BMWd,DE0005190003,DE,DE,EUR,N
AIRd,NL0000235190,FR,GB,EUR,N
SIA,DE0007236101,DE,BE,EUR,N
SAP,DE0007164600,DE,CH,CHF,Y
ALVd,DE0008404005,DE,GB,EUR,N
PER,FR0000120693,FR,DE,EUR,N
0HAT,FR0000120693,FR,GB,EUR,N
BBVA1,ES0113211835,ES,CH,CHF,Y
8TI,NL00150001Q9,IT,DE,EUR,N
AIR,NL0000235190,FR,DE,EUR,N
ASML,NL0010273215,NL,CH,CHF,Y
DTEd,DE0005557508,DE,GB,EUR,N
DB1,DE0005810055,DE,DE,EUR,N
PPX,FR0000121485,FR,DE,EUR,N
PPRUF,FR0000121485,FR,US,USD,N
BBVA,ES0113211835,ES,ES,EUR,Y
1NBA,BE0974293251,BE,DE,EUR,N
8TI,NL00150001Q9,IT,DE,EUR,N
SAF,FR0000073272,FR,FR,EUR,N
BSN,FR0000120644,FR,DE,EUR,N
AHOG,NL0011794037,NL,DE,EUR,N
SND,FR0000121972,FR,DE,EUR,N
SIE,DE0007236101,DE,DE,EUR,N
BMWd,DE0005190003,DE,GB,EUR,N
AHOG,NL0011794037,NL,DE,EUR,Y
INN1,NL0011821202,NL,DE,EUR,N
DTE,DE0005557508,DE,DE,EUR,N
DPWd,DE0005552004,DE,GB,EUR,N
SQU,FR0000125486,FR,DE,EUR,N
ENIm,IT0003132476,IT,GB,EUR,N
VNA,DE000A1ML7J1,DE,DE,EUR,N
MUV2,DE0008430026,DE,DE,EUR,Y
AIR,NL0000235190,FR,ES,EUR,Y
ITXe,ES0148396007,ES,DE,EUR,N
BBVAe,ES0113211835,ES,DE,EUR,N
SAN,FR0000120578,FR,CH,CHF,N
SIE,DE0007236101,DE,DE,EUR,N
0IIH,FR0000121485,FR,GB,EUR,Y
SAF,FR0000073272,FR,NL,EUR,N
BMW,DE0005190003,DE,DE,EUR,N
SIE,DE0007236101,DE,IT,EUR,N
BBVAe,ES0113211835,ES,GB,EUR,N
ENI,IT0003132476,IT,DE,EUR,N
BNPQF,FR0000131104,FR,US,USD,Y
BAMXF,DE0005190003,DE,US,USD,N
LOR,FR0000120321,FR,DE,EUR,N
VOW3,DE0007664039,DE,DE,EUR,N
0HBC,IT0000072618,IT,GB,EUR,Y
BSD2,ES0113900J37,ES,DE,EUR,Y
SEJ1,FR0000073272,FR,DE,EUR,N
ELp,FR0000121667,FR,GB,EUR,N
AD,NL0011794037,NL,NL,EUR,N
AIL,FR0000120073,FR,DE,EUR,N
DB1d,DE0005810055,DE,GB,EUR,N
CRGi,IE0001827041,GB,GB,EUR,N
TTFNFn,FR0000120271,FR,,USD,N
VOW3,DE0007664039,DE,DE,EUR,N
MUV2,DE0008430026,DE,DE,EUR,N
0QXR,NL00150001Q9,IT,GB,EUR,N
1NBA,BE0974293251,BE,DE,EUR,N
DB1,DE0005810055,DE,DE,EUR,N
DAIMFn,DE000A1ML7J1,DE,,USD,N
AIRe,NL0000235190,FR,GB,EUR,N
BASF,DE000BASF111,DE,HU,HUF,N
MOH,FR0000121014,FR,DE,EUR,N
PER,FR0000120693,FR,DE,EUR,N
IES,IT0000072618,IT,DE,EUR,N
0NWF,FR0000120073,FR,GB,EUR,Y
ENL,IT0003128367,IT,DE,EUR,N
SMAWF,DE0007236101,DE,US,USD,Y
DB1,DE0005810055,DE,DE,EUR,N
STLA,NL00150001Q9,IT,US,USD,N
KC4,FI0009013403,FI,CH,CHF,N
FLTRl,IE00BWT6H894,GB,,GBP,N
VCISF,FR0000125486,FR,US,USD,N
CS,FR0000120628,FR,CH,CHF,Y
ALV,DE0008404005,DE,RO,RON,N
MUV2,DE0008430026,DE,DE,EUR,N
AIp,FR0000120073,FR,GB,EUR,N
DNN,FR0000120644,FR,IT,EUR,N
BMW,DE0005190003,DE,DE,EUR,N
DTE,DE0005557508,DE,IT,EUR,N
AIQUFn,FR0000120073,FR,,USD,N
ESL,FR0000121667,FR,DE,EUR,N
VCISF,FR0000125486,FR,US,USD,Y
DGp,FR0000125486,FR,GB,EUR,N
AIR,NL0000235190,FR,FR,EUR,N
BFFAF,DE000BASF111,DE,US,USD,Y
BAS,DE000BASF111,DE,DE,EUR,N
VOW3d,DE0007664039,DE,DE,EUR,N
SUp,FR0000121972,FR,GB,EUR,N
HESAF,FR0000052292,FR,US,USD,Y
ISPm,IT0000072618,IT,GB,EUR,N
DPSTFn,DE0005552004,DE,,USD,N
BAY,DE000BAY0017,DE,IT,EUR,N
1NBA,BE0974293251,BE,CH,CHF,N
AXAHF,FR0000120628,FR,US,USD,N
SANF,FR0000120578,FR,IT,EUR,N
FLTR,IE00BWT6H894,GB,IE,EUR,N
BSN,FR0000120644,FR,DE,EUR,N
LVMHFn,FR0000121014,FR,,USD,N
AXA,FR0000120628,FR,DE,EUR,Y
ISP,IT0000072618,IT,CH,CHF,N
VNAd,DE000A1ML7J1,DE,GB,EUR,N
ITXe,ES0148396007,ES,,EUR,N
DB1d,DE0005810055,DE,GB,EUR,N
DTE,DE0005557508,DE,IT,EUR,N
BMW,DE0005190003,DE,RO,RON,Y
BAMXF,DE0005190003,DE,US,USD,Y
FLTRi,IE00BWT6H894,GB,GB,EUR,N
PPB,IE00BWT6H894,GB,DE,EUR,N
PHI1,NL0000009538,NL,DE,EUR,N
SAN,ES0113900J37,ES,PL,PLN,N
TOT,FR0000120271,FR,IT,EUR,N
AIL,FR0000120073,FR,DE,EUR,N
IBE1,ES0144580Y14,ES,DE,EUR,N
KERp,FR0000121485,FR,,EUR,N
PPX,FR0000121485,FR,DE,EUR,N
ESOCFn,IT0003128367,IT,,USD,N
DAN,FR0000120644,FR,CH,CHF,N
TOTB,FR0000120271,FR,DE,EUR,N
FP,FR0000120271,FR,CH,CHF,Y
IBEe,ES0144580Y14,ES,GB,EUR,N
DPW,DE0005552004,DE,DE,EUR,N
AIp,FR0000120073,FR,GB,EUR,N
SANw,ES0113900J37,ES,,PLN,N
MBGd,DE0007100000,DE,GB,EUR,N
STLAm,NL00150001Q9,IT,,EUR,N
IFXd,DE0006231004,DE,,EUR,N
MBG,DE0007100000,DE,IT,EUR,N
SIEMENS,DE0007236101,DE,HU,HUF,N
BMW,DE0005190003,DE,DE,EUR,N
TOTB,FR0000120271,FR,DE,EUR,N
DGp,FR0000125486,FR,GB,EUR,N
IFX,DE0006231004,DE,DE,EUR,Y
ALV,DE0008404005,DE,DE,EUR,N
BNPPARIBAS,FR0000131104,FR,HU,HUF,N
8TI,NL00150001Q9,IT,DE,EUR,N
SAFp,FR0000073272,FR,GB,EUR,N
ITXe,ES0148396007,ES,GB,EUR,N
BAYER,DE000BAY0017,DE,HU,HUF,N
BCDRF,ES0113900J37,ES,US,USD,Y
BNCl,ES0113900J37,ES,GB,GBP,N
DB1d,DE0005810055,DE,GB,EUR,N
ELp,FR0000121667,FR,GB,EUR,N
ADSG-U,DE000A1EWWW0,DE,IT,EUR,N
LOR,FR0000120321,FR,DE,EUR,N
IITSF,IT0000072618,IT,US,USD,Y
ALIZFn,DE0008404005,DE,,USD,N
ENEL,IT0003128367,IT,CH,CHF,Y
HMI,FR0000052292,FR,DE,EUR,Y
BAYNd,DE000BAY0017,DE,GB,EUR,N
RIp,FR0000120693,FR,DE,EUR,N
BASz,DE000BASF111,DE,GB,CHF,N
BOY,ES0113211835,ES,DE,EUR,N
IFXd,DE0006231004,DE,GB,EUR,N
INGAa,NL0011821202,NL,GB,EUR,N
INN1,NL0011821202,NL,DE,EUR,N
MBG,DE0007100000,DE,DE,EUR,Y
SANe,ES0113900J37,ES,GB,EUR,N
CSA,FR0000120628,FR,NL,EUR,N
AIL,FR0000120073,FR,DE,EUR,N
BMW,DE0005190003,DE,CH,CHF,N
BOY,ES0113211835,ES,DE,EUR,N
PHGFFn,NL0000009538,NL,,USD,N
8TI,NL00150001Q9,IT,DE,EUR,N
8TI,NL00150001Q9,US,CH,CHF,N
AIRd,NL0000235190,FR,,EUR,N
LRLCFn,FR0000120321,FR,,USD,N
ENELm,IT0003128367,IT,GB,EUR,N
ELp,FR0000121667,FR,,EUR,N
PHIAa,NL0000009538,NL,,EUR,N
BAYN,DE000BAY0017,DE,DE,EUR,N
IFXd,DE0006231004,DE,GB,EUR,N
DAI,DE0007100000,DE,RO,RON,Y
EADSF,NL0000235190,FR,US,USD,Y
SAF,FR0000073272,FR,CH,CHF,Y
MOH,FR0000121014,FR,DE,EUR,Y
AIRP-U,FR0000120073,FR,IT,EUR,N
ENI,IT0003132476,IT,DE,EUR,N
BAS,DE000BASF111,DE,DE,EUR,N
BMW,DE0005190003,DE,DE,EUR,Y
KER,FR0000121485,FR,IT,EUR,N
MURGF,DE0008430026,DE,US,USD,N
ABIT,BE0974293251,BE,CH,CHF,N
SND,FR0000121972,FR,DE,EUR,N
ENELm,IT0003128367,IT,GB,EUR,N
ADS,DE000A1EWWW0,DE,RO,RON,N
IFXd,DE0006231004,DE,DE,EUR,N
DB1d,DE0005810055,DE,DE,EUR,N
SEJ1,FR0000073272,FR,DE,EUR,N
8TI,NL00150001Q9,IT,DE,EUR,N
ALVd,DE0008404005,DE,GB,EUR,N
IFXd,DE0006231004,DE,GB,EUR,N
MCp,FR0000121014,FR,,EUR,N
0HV2,FR0000052292,FR,GB,EUR,Y
IFX,DE0006231004,DE,DE,EUR,N
RIp,FR0000120693,FR,GB,EUR,N
KNYJF,FI0009013403,FI,US,USD,Y
DTEGF,DE0005557508,DE,US,USD,Y
BAS,DE000BASF111,DE,DE,EUR,N
TTEp,FR0000120271,FR,GB,EUR,N
AIRe,NL0000235190,FR,GB,EUR,N
AHOG,NL0011794037,NL,DE,EUR,N
ALV,DE0008404005,DE,RO,RON,Y
ADS,DE000A1EWWW0,DE,CH,CHF,N
ASMLa,NL0010273215,NL,GB,EUR,N
BAYNd,DE000BAY0017,DE,GB,EUR,N
KNYJF,FI0009013403,FI,US,USD,N
BBVAe,ES0113211835,ES,,EUR,N
0KED,DE0006231004,DE,GB,EUR,N
DTE,DE0005557508,DE,DE,EUR,N
ADa,NL0011794037,NL,GB,EUR,N
AIRp,NL0000235190,FR,DE,EUR,N
CRG,IE0001827041,GB,DE,EUR,N
DTEd,DE0005557508,DE,DE,EUR,N
ABIb,BE0974293251,BE,,EUR,N
TTFNF,FR0000120271,FR,US,USD,N
0H3Q,DE0005552004,DE,GB,EUR,N
ASMLa,NL0010273215,NL,,EUR,N
ASMLa,NL0010273215,NL,GB,EUR,N
0NQM,FR0000125486,FR,GB,EUR,Y
ITXe,ES0148396007,ES,GB,EUR,N
BNP,FR0000131104,FR,DE,EUR,N
ADS,DE000A1EWWW0,DE,DE,EUR,N
SANTu,ES0113900J37,ES,GB,EUR,N
SMAWFn,DE0007236101,DE,,USD,N
SAP,DE0007164600,DE,CH,CHF,N
TOTAL,FR0000120271,FR,HU,HUF,N
MBG,DE0007100000,DE,DE,EUR,N
0P6S,DE000BAY0017,DE,GB,EUR,N
SANTA,ES0113900J37,ES,BE,EUR,N
SAPd,DE0007164600,DE,GB,EUR,N
KNEBVh,FI0009013403,FI,DE,EUR,N
AHODF,NL0011794037,NL,US,USD,Y
ASMLa,NL0010273215,NL,GB,EUR,N
PPB,IE00BWT6H894,GB,DE,EUR,N
PHIAa,NL0000009538,NL,GB,EUR,N
DAN-U,FR0000120644,FR,IT,EUR,N
DPWd,DE0005552004,DE,,EUR,N
FP,FR0000120271,FR,CH,CHF,N
ASMLFn,NL0010273215,NL,,USD,N
AIR,NL0000235190,FR,DE,EUR,N
CSp,FR0000120628,FR,GB,EUR,N
BSD2,ES0113900J37,ES,DE,EUR,N
OR,FR0000120321,FR,FR,EUR,N
VLKPFn,DE0007664039,DE,,USD,N
BNPp,FR0000131104,FR,GB,EUR,N
BNp,FR0000120644,FR,NL,EUR,N
SQU,FR0000125486,FR,DE,EUR,N
PPB,IE00BWT6H894,GB,DE,EUR,N
SIE,DE0007236101,DE,CH,CHF,N
AIp,FR0000120073,FR,DE,EUR,N
IES,IT0000072618,IT,DE,EUR,N
AHOG,NL0011794037,NL,DE,EUR,N
SANe,ES0113900J37,ES,GB,EUR,N
MBGd,DE0007100000,DE,DE,EUR,N
DGp,FR0000125486,FR,GB,EUR,N
AIp,FR0000120073,FR,,EUR,N
BBVA,ES0113211835,ES,ES,EUR,N
BNPm,FR0000131104,FR,,EUR,N
VNA,DE000A1ML7J1,DE,CH,CHF,Y
ISPm,IT0000072618,IT,,EUR,N
INFINEON,DE0006231004,DE,HU,HUF,N
IFX,DE0006231004,DE,CH,CHF,Y
ELp,FR0000121667,FR,GB,EUR,N
BNp,FR0000120644,FR,GB,EUR,N
TTFNF,FR0000120271,FR,US,USD,Y
BOY,ES0113211835,ES,DE,EUR,N
DTEL,DE0005557508,DE,BE,EUR,N
ABI,BE0974293251,BE,IT,EUR,N
BAYNd,DE000BAY0017,DE,DE,EUR,N
SAPGF,DE0007164600,DE,US,USD,Y
BBVXF,ES0113211835,ES,US,USD,N
AIRe,NL0000235190,FR,GB,EUR,N
PPX,FR0000121485,FR,DE,EUR,N
0NRE,IT0003128367,IT,GB,EUR,Y
TOTB,FR0000120271,FR,DE,EUR,N
AIL,FR0000120073,FR,DE,EUR,Y
SAN,ES0113900J37,ES,ES,EUR,Y
PPB,IE00BWT6H894,GB,DE,EUR,Y
DB1,DE0005810055,DE,CH,CHF,N
BNPp,FR0000131104,FR,GB,EUR,N
ELp,FR0000121667,FR,GB,EUR,N
VOW3,DE0007664039,DE,DE,EUR,N
SIE,DE0007236101,DE,DE,EUR,N
IFX,DE0006231004,DE,CH,CHF,N
MEURV,DE0008430026,DE,BE,EUR,N
SAP,DE0007164600,DE,DE,EUR,N
HMI,FR0000052292,FR,DE,EUR,N
AHODF,NL0011794037,NL,US,USD,N
ITXe,ES0148396007,ES,GB,EUR,N
0QXR,NL00150001Q9,US,GB,EUR,Y
INN1,NL0011821202,NL,DE,EUR,N
BOY,ES0113211835,ES,CH,CHF,N
BNPm,FR0000131104,FR,GB,EUR,N
CRHCFn,IE0001827041,GB,,USD,N
1NBA,BE0974293251,BE,DE,EUR,N
SAFp,FR0000073272,FR,GB,EUR,N
0P6O,DE0007664039,DE,GB,EUR,Y
DG,FR0000125486,FR,CH,CHF,Y
ENI,IT0003132476,IT,CH,CHF,N
SMAWF,DE0007236101,DE,US,USD,N
ALIZF,DE0008404005,DE,US,USD,Y
BUDFF,BE0974293251,BE,US,USD,N
BBVXF,ES0113211835,ES,US,USD,Y
VLKPF,DE0007664039,DE,US,USD,N
ABI,BE0974293251,BE,BE,EUR,N
ADS,DE000A1EWWW0,DE,RO,RON,Y
STD,ES0113900J37,ES,AR,ARS,N
MBG,DE0007100000,DE,IT,EUR,N
BAYN,DE000BAY0017,DE,DE,EUR,N
CRGi,IE0001827041,GB,,EUR,N
BAYN,DE000BAY0017,DE,CH,CHF,Y
FPA,FR0000120271,FR,NL,EUR,N
MUV2,DE0008430026,DE,DE,EUR,N
MURGF,DE0008430026,DE,US,USD,Y
BASd,DE000BASF111,DE,GB,EUR,N
AIp,FR0000120073,FR,NL,EUR,N
BAYN,DE000BAY0017,DE,DE,EUR,N
BNP,FR0000131104,FR,DE,EUR,N
RYLPF,NL0000009538,NL,US,USD,Y
MBGd,DE0007100000,DE,GB,EUR,N
DANz,FR0000120644,FR,GB,CHF,N
IBEe,ES0144580Y14,ES,GB,EUR,N
SEJ1,FR0000073272,FR,DE,EUR,Y
DPWd,DE0005552004,DE,DE,EUR,N
BMWd,DE0005190003,DE,GB,EUR,N
ENL,IT0003128367,IT,DE,EUR,N
IFX,DE0006231004,DE,DE,EUR,N
ALVd,DE0008404005,DE,,EUR,N
BASz,DE000BASF111,DE,GB,CHF,N
OR,FR0000120321,FR,RO,RON,N
DB1,DE0005810055,DE,DE,EUR,N
MBG,DE0007100000,DE,DE,EUR,N
BAS,DE000BASF111,DE,CH,CHF,Y
IBE,ES0144580Y14,ES,CH,CHF,Y
PHI1,NL0000009538,NL,CH,CHF,N
PDRDFn,FR0000120693,FR,,USD,N
BNP,FR0000131104,FR,DE,EUR,N
DANz,FR0000120644,FR,GB,CHF,N
DB1,DE0005810055,DE,DE,EUR,N
AIR,NL0000235190,FR,ES,EUR,N
ENLd,IT0003128367,IT,GB,EUR,N
AIR,NL0000235190,FR,DE,EUR,N
DBOEF,DE0005810055,DE,US,USD,N
KER,FR0000121485,FR,CH,CHF,Y
IBEe,ES0144580Y14,ES,GB,EUR,N
LRLCF,FR0000120321,FR,US,USD,N
LOR,FR0000120321,FR,DE,EUR,N
CRHl,IE0001827041,GB,DE,GBP,N
CRG,IE0001827041,GB,DE,EUR,N
STDD,ES0113900J37,ES,AR,USD,N
8TI,NL00150001Q9,DE,DE,EUR,Y
SBGSF,FR0000121972,FR,US,USD,Y
VNAd,DE000A1ML7J1,DE,GB,EUR,N
BAS,DE000BASF111,DE,DE,EUR,Y
BMW,DE0005190003,DE,DE,EUR,N
ESOCF,IT0003128367,IT,US,USD,N
ASME,NL0010273215,NL,DE,EUR,N
PHI1,NL0000009538,NL,DE,EUR,N
AIRe,NL0000235190,FR,,EUR,N
AD,NL0011794037,NL,IT,EUR,N
KNEBVh,FI0009013403,FI,SE,EUR,N
KERp,FR0000121485,FR,GB,EUR,N
SNW,FR0000120578,FR,DE,EUR,N
0QFT,DE000A1ML7J1,DE,GB,EUR,Y
MBGd,DE0007100000,DE,,EUR,N
KER,FR0000121485,FR,FR,EUR,N
BMW,DE0005190003,DE,DE,EUR,N
ENIm,IT0003132476,IT,GB,EUR,N
SANT,ES0113900J37,ES,PT,EUR,N
CRHl,IE0001827041,GB,GB,GBP,N
AIL,FR0000120073,FR,DE,EUR,N
FLTRi,IE00BWT6H894,GB,GB,EUR,N
DPWd,DE0005552004,DE,GB,EUR,N
BAS,DE000BASF111,DE,DE,EUR,N
SNW,FR0000120578,FR,DE,EUR,N
SQU,FR0000125486,FR,DE,EUR,N
IXD1,ES0148396007,ES,DE,EUR,N
RMSp,FR0000052292,FR,GB,EUR,N
BAYNd,DE000BAY0017,DE,GB,EUR,N
INN1,NL0011821202,NL,DE,EUR,Y
IBE1,ES0144580Y14,ES,DE,EUR,N
ISPm,IT0000072618,IT,GB,EUR,N
LVMH,FR0000121014,FR,IT,EUR,N
CSp,FR0000120628,FR,GB,EUR,N
DTEd,DE0005557508,DE,GB,EUR,N
RMSp,FR0000052292,FR,GB,EUR,N
0HBC,IT0000072618,IT,GB,EUR,N
IES,IT0000072618,IT,DE,EUR,N
SQU,FR0000125486,FR,DE,EUR,N
ASMLF,NL0010273215,NL,US,USD,N
BAS,DE000BASF111,DE,CH,CHF,N
BNP,FR0000131104,FR,DE,EUR,N
DTEd,DE0005557508,DE,GB,EUR,N
0OLD,DE000A1EWWW0,DE,GB,EUR,Y
ESL,FR0000121667,FR,DE,EUR,N
VNA,DE000A1ML7J1,DE,DE,EUR,N
RMSp,FR0000052292,FR,GB,EUR,N
FLTRi,IE00BWT6H894,GB,GB,EUR,N
SAFp,FR0000073272,FR,DE,EUR,N
DTEGF,DE0005557508,DE,US,USD,N
DAN,FR0000120644,FR,CH,CHF,Y
BBVXFn,ES0113211835,ES,,USD,N
ASME,NL0010273215,NL,CH,CHF,N
CRHl,IE0001827041,GB,GB,GBP,N
VOW3,DE0007664039,DE,DE,EUR,N
PHIAa,NL0000009538,NL,GB,EUR,N
TOTB,FR0000120271,FR,DE,EUR,N
PHI1,NL0000009538,NL,DE,EUR,Y
BNp,FR0000120644,FR,,EUR,N
CS,FR0000120628,FR,CH,CHF,N
STLAm,NL00150001Q9,IT,GB,EUR,N
TOTB,FR0000120271,FR,DE,EUR,N
MUV2d,DE0008430026,DE,GB,EUR,N
ALV,DE0008404005,DE,DE,EUR,N
SIE,DE0007236101,DE,DE,EUR,N
MOH,FR0000121014,FR,DE,EUR,N
DG,FR0000125486,FR,FR,EUR,N
AHOG,NL0011794037,NL,DE,EUR,N
BBVAe,ES0113211835,ES,GB,EUR,N
DB1,DE0005810055,DE,DE,EUR,N
PHI1,NL0000009538,NL,DE,EUR,N
STLA,NL00150001Q9,IT,US,USD,N
STD,ES0113900J37,ES,AR,ARS,Y
AIQUF,FR0000120073,FR,US,USD,N
BNPQF,FR0000131104,FR,US,USD,N
VNNVF,DE000A1ML7J1,DE,US,USD,N
KNEBVh,FI0009013403,FI,GB,EUR,N
SIEd,DE0007236101,DE,GB,EUR,N
STLA,NL00150001Q9,IT,US,USD,N
RI,FR0000120693,FR,FR,EUR,N
ENL,IT0003128367,IT,DE,EUR,N
IES,IT0000072618,IT,DE,EUR,N
RMS,FR0000052292,FR,FR,EUR,N
AXA,FR0000120628,FR,DE,EUR,N
PER,FR0000120693,FR,DE,EUR,N
ITXe,ES0148396007,ES,GB,EUR,N
LOR,FR0000120321,FR,DE,EUR,Y
PHI1,NL0000009538,NL,DE,EUR,N
0NWV,FR0000121972,FR,GB,EUR,N
DPSTF,DE0005552004,DE,US,USD,N
BAYN,DE000BAY0017,DE,DE,EUR,N
IFX,DE0006231004,DE,DE,EUR,N
AHOG,NL0011794037,NL,DE,EUR,N
AXA,FR0000120628,FR,DE,EUR,N
SAP,DE0007164600,DE,IT,EUR,N
ISPm,IT0000072618,IT,DE,EUR,N
ABIb,BE0974293251,BE,NL,EUR,N
AIR,NL0000235190,FR,DE,EUR,N
KERp,FR0000121485,FR,GB,EUR,N
GPDNFn,FR0000120644,FR,,USD,N
ALV,DE0008404005,DE,CH,CHF,N
BAYN,DE000BAY0017,DE,DE,EUR,N
IES,IT0000072618,IT,DE,EUR,N
STLA,NL00150001Q9,IT,US,USD,N
DDAIF,DE0007100000,DE,US,USD,Y
VOW3d,DE0007664039,DE,GB,EUR,N
IDEXFn,ES0148396007,ES,,USD,N
LVMHF,FR0000121014,FR,US,USD,N
DAI,DE0007100000,DE,CH,CHF,N
ADS,DE000A1EWWW0,DE,DE,EUR,N
ENEL,IT0003128367,IT,CH,CHF,N
IFNNF,DE0006231004,DE,US,USD,N
DPW,DE0005552004,DE,DE,EUR,N
MC,FR0000121014,FR,FR,EUR,N
ESLOFn,FR0000121667,FR,,USD,N
VW-V,DE0007664039,DE,CH,CHF,Y
ENEL,IT0003128367,IT,IT,EUR,N
ENI,IT0003132476,IT,IT,EUR,N
BN,FR0000120644,FR,RO,RON,N
0QB8,NL0010273215,NL,GB,EUR,Y
ANH,BE0974293251,BE,ZA,ZAR,N
BAS,DE000BASF111,DE,DE,EUR,N
SND,FR0000121972,FR,DE,EUR,N
ORp,FR0000120321,FR,GB,EUR,N
ALV,DE0008404005,DE,CH,CHF,N
PHIAa,NL0000009538,NL,GB,EUR,N
CSp,FR0000120628,FR,GB,EUR,N
MUV2d,DE0008430026,DE,GB,EUR,N
IDEXF,ES0148396007,ES,US,USD,N
CRHl,IE0001827041,GB,GB,GBP,N
PP,FR0000121485,FR,IT,EUR,N
STLA,NL00150001Q9,IT,US,USD,N
ISP,IT0000072618,IT,IT,EUR,N
DTE,DE0005557508,DE,DE,EUR,N
IFXd,DE0006231004,DE,GB,EUR,N
IBE,ES0144580Y14,ES,ES,EUR,Y
BAS,DE000BASF111,DE,DE,EUR,N
BAYNd,DE000BAY0017,DE,GB,EUR,N
SGEF-U,FR0000125486,FR,IT,EUR,N
ADa,NL0011794037,NL,DE,EUR,N
ISP,IT0000072618,IT,CH,CHF,Y
0O59,FR0000120578,FR,GB,EUR,Y
IES,IT0000072618,IT,DE,EUR,N
ENL,IT0003128367,IT,DE,EUR,N
SAFRF,FR0000073272,FR,US,USD,N
BAS,DE000BASF111,DE,CH,CHF,N
KNEBV,FI0009013403,FI,CH,CHF,Y
ITXe,ES0148396007,ES,GB,EUR,N
BAYN,DE000BAY0017,DE,DE,EUR,Y
BSD2,ES0113900J37,ES,DE,EUR,N
ENELm,IT0003128367,IT,GB,EUR,N
TTE,FR0000120271,FR,FR,EUR,N
IFX,DE0006231004,DE,DE,EUR,N
ENLd,IT0003128367,IT,GB,EUR,N
DBOEF,DE0005810055,DE,US,USD,Y
BAYN,DE000BAY0017,DE,DE,EUR,N
SANT,ES0113900J37,ES,IT,EUR,N
STLAp,NL00150001Q9,IT,GB,EUR,N
DGp,FR0000125486,FR,DE,EUR,N
SQU,FR0000125486,FR,DE,EUR,N
1NBA,BE0974293251,BE,DE,EUR,N
HMI,FR0000052292,FR,DE,EUR,N
ENI,IT0003132476,IT,DE,EUR,N
0QWI,ES0148396007,ES,GB,EUR,Y
MUV2,DE0008430026,DE,IT,EUR,N
0KVV,NL0000235190,FR,GB,EUR,N
PHI1,NL0000009538,NL,DE,EUR,N
SIE,DE0007236101,DE,DE,EUR,Y
AHa,NL0011794037,NL,NL,EUR,N
PPX,FR0000121485,FR,DE,EUR,N
EADSF,NL0000235190,FR,US,USD,N
TTEp,FR0000120271,FR,GB,EUR,N
BANCOBILBAO,ES0113211835,ES,HU,HUF,N
BSN,FR0000120644,FR,DE,EUR,N
DB1,DE0005810055,DE,DE,EUR,N
BNP,FR0000131104,FR,DE,EUR,N
ASML,NL0010273215,NL,CH,CHF,N
SIE,DE0007236101,DE,RO,RON,Y
0IIH,FR0000121485,FR,GB,EUR,N
SIE,DE0007236101,DE,DE,EUR,N
ADSd,DE000A1EWWW0,DE,GB,EUR,N
FPp,FR0000120271,FR,NL,EUR,N
MOH,FR0000121014,FR,DE,EUR,N
ADIDAS,DE000A1EWWW0,DE,HU,HUF,N
CSp,FR0000120628,FR,,EUR,N
PDRDF,FR0000120693,FR,US,USD,Y
HMI,FR0000052292,FR,DE,EUR,N
0NXX,DE0007100000,DE,GB,EUR,N
EAD-U,NL0000235190,FR,IT,EUR,N
IBE1,ES0144580Y14,ES,DE,EUR,N
OR,FR0000120321,FR,IT,EUR,N
BOY,ES0113211835,ES,DE,EUR,Y
ASME,NL0010273215,NL,DE,EUR,N
STLA,NL00150001Q9,IT,US,USD,N
LRLCF,FR0000120321,FR,US,USD,Y
BOY,ES0113211835,ES,DE,EUR,N
VNA,DE000A1ML7J1,DE,DE,EUR,N
BSN,FR0000120644,FR,DE,EUR,Y
DTEd,DE0005557508,DE,GB,EUR,N
BFFAF,DE000BASF111,DE,US,USD,N
ENI,IT0003132476,IT,DE,EUR,Y
SIEd,DE0007236101,DE,DE,EUR,N
IES,IT0000072618,IT,DE,EUR,Y
ALV,DE0008404005,DE,IT,EUR,N
ESL,FR0000121667,FR,DE,EUR,N
AIR,NL0000235190,FR,CH,CHF,N
SAP,DE0007164600,DE,DE,EUR,N
BNP,FR0000131104,FR,DE,EUR,N
IXD1,ES0148396007,ES,DE,EUR,N
ITX,ES0148396007,ES,ES,EUR,N
AIL,FR0000120073,FR,DE,EUR,N
0MPH,DE0005557508,DE,GB,EUR,Y
0NXX,DE0007100000,DE,GB,EUR,Y
INGAa,NL0011821202,NL,GB,EUR,N
PPX,FR0000121485,FR,DE,EUR,N
SAFp,FR0000073272,FR,GB,EUR,N
MCp,FR0000121014,FR,GB,EUR,N
DPW,DE0005552004,DE,DE,EUR,N
STLA,NL00150001Q9,DE,US,USD,Y
BSN,FR0000120644,FR,DE,EUR,N
ENId,IT0003132476,IT,,EUR,N
BAY,DE000BAY0017,DE,ES,EUR,N
ENLd,IT0003128367,IT,,EUR,N
ABIb,BE0974293251,BE,GB,EUR,N
0NWV,FR0000121972,FR,GB,EUR,Y
0P6S,DE000BAY0017,DE,GB,EUR,Y
0IU8,FR0000073272,FR,GB,EUR,Y
TOTB,FR0000120271,FR,DE,EUR,N
CRGi,IE0001827041,GB,GB,EUR,N
0IU8,FR0000073272,FR,GB,EUR,N
IBEe,ES0144580Y14,ES,DE,EUR,N
TOT,FR0000120271,FR,IT,EUR,N
0O0U,DE0005190003,DE,GB,EUR,Y
SIE,DE0007236101,DE,RO,RON,N
VNA,DE000A1ML7J1,DE,DE,EUR,N
SQU,FR0000125486,FR,DE,EUR,N
0II2,FI0009013403,FI,GB,EUR,Y
SNW,FR0000120578,FR,DE,EUR,N
CRG,IE0001827041,GB,DE,EUR,N
BAYN,DE000BAY0017,DE,DE,EUR,N
PPX,FR0000121485,FR,DE,EUR,Y
ENIm,IT0003132476,IT,,EUR,N
AHODFn,NL0011794037,NL,,USD,N
BNP,FR0000131104,FR,DE,EUR,N
IBEe,ES0144580Y14,ES,,EUR,N
SAFRFn,FR0000073272,FR,,USD,N
LOR,FR0000120321,FR,DE,EUR,N
0QFT,DE000A1ML7J1,DE,GB,EUR,N
SQU,FR0000125486,FR,DE,EUR,Y
IBE-U,ES0144580Y14,ES,IT,EUR,N
IITSF,IT0000072618,IT,US,USD,N
BAMXFn,DE0005190003,DE,,USD,N
ENL,IT0003128367,IT,DE,EUR,N
IBE1,ES0144580Y14,ES,DE,EUR,N
SAFp,FR0000073272,FR,,EUR,N
CSp,FR0000120628,FR,GB,EUR,N
BNp,FR0000120644,FR,GB,EUR,N
SAP,DE0007164600,DE,IT,EUR,N
BASd,DE000BASF111,DE,DE,EUR,N
CRHl,IE0001827041,GB,GB,GBP,N
CRHl,IE0001827041,GB,GB,GBP,N
KC4,FI0009013403,FI,DE,EUR,N
BNCl,ES0113900J37,ES,GB,GBP,N
AIRp,NL0000235190,FR,GB,EUR,N
VOW3,DE0007664039,DE,DE,EUR,N
PHI1,NL0000009538,NL,DE,EUR,N
SND,FR0000121972,FR,DE,EUR,N
BAS,DE000BASF111,DE,DE,EUR,N
VOW3d,DE0007664039,DE,GB,EUR,N
AXAHFn,FR0000120628,FR,,USD,N
PPRUFn,FR0000121485,FR,,USD,N
SIE,DE0007236101,DE,DE,EUR,N
ALIZF,DE0008404005,DE,US,USD,N
MBGd,DE0007100000,DE,GB,EUR,N
DP-U,DE0005552004,DE,IT,EUR,N
SAPd,DE0007164600,DE,,EUR,N
VOW3,DE0007664039,DE,DE,EUR,N
BAYN,DE000BAY0017,DE,DE,EUR,N
ESL,FR0000121667,FR,DE,EUR,N
BBVAe,ES0113211835,ES,GB,EUR,N
KERp,FR0000121485,FR,GB,EUR,N
ORp,FR0000120321,FR,GB,EUR,N
0NZM,FR0000120321,FR,GB,EUR,N
0NQM,FR0000125486,FR,GB,EUR,N
STLAm,NL00150001Q9,IT,GB,EUR,N
MOH,FR0000121014,FR,DE,EUR,N
BMW,DE0005190003,DE,DE,EUR,N
BBVAe,ES0113211835,ES,GB,EUR,N
INN1,NL0011821202,NL,DE,EUR,N
SBGSFn,FR0000121972,FR,,USD,N
BSD2,ES0113900J37,ES,DE,EUR,N
SNE,FR0000121972,FR,CH,CHF,Y
BNP,FR0000131104,FR,CH,CHF,N
INN1,NL0011821202,NL,DE,EUR,N
LOR,FR0000120321,FR,DE,EUR,N
PHI1,NL0000009538,NL,DE,EUR,N
DAINn,DE0007100000,DE,,MXN,N
DB1,DE0005810055,DE,CH,CHF,Y
0NWF,FR0000120073,FR,GB,EUR,N
SIE,DE0007236101,DE,DE,EUR,N
BMWd,DE0005190003,DE,GB,EUR,N
PHI1,NL0000009538,NL,DE,EUR,N
BNp,FR0000120644,FR,GB,EUR,N
0HAU,FR0000121014,FR,GB,EUR,Y
PHI1,NL0000009538,NL,DE,EUR,N
DPW,DE0005552004,DE,DE,EUR,Y
DPW,DE0005552004,DE,DE,EUR,N
ESL,FR0000121667,FR,DE,EUR,N
BBV,ES0113211835,ES,BE,EUR,N
AHOG,NL0011794037,NL,DE,EUR,N
PPX,FR0000121485,FR,DE,EUR,N
DTE,DE0005557508,DE,DE,EUR,N
IES,IT0000072618,IT,DE,EUR,N
0NRE,IT0003128367,IT,GB,EUR,N
FLTR,IE00BWT6H894,GB,GB,GBP,N
ESLOF,FR0000121667,FR,US,USD,Y
ENL,IT0003128367,IT,DE,EUR,N
0RJI,BE0974293251,BE,GB,EUR,N
BAYN,DE000BAY0017,DE,RO,RON,N
DTEd,DE0005557508,DE,GB,EUR,N
CRG,IE0001827041,GB,DE,EUR,Y
SEJ1,FR0000073272,FR,DE,EUR,N
SANp,FR0000120578,FR,GB,EUR,N
ALV,DE0008404005,DE,DE,EUR,N
ORp,FR0000120321,FR,GB,EUR,N
8TI,NL00150001Q9,IT,DE,EUR,N
AI,FR0000120073,FR,CH,CHF,N
BNP,FR0000131104,FR,DE,EUR,N
OR,FR0000120321,FR,RO,RON,Y
0P6O,DE0007664039,DE,GB,EUR,N
EIPAF,IT0003132476,IT,US,USD,N
ITX,ES0148396007,ES,ES,EUR,Y
ALV,DE0008404005,DE,DE,EUR,N
KER,FR0000121485,FR,CH,CHF,N
KERp,FR0000121485,FR,GB,EUR,N
IBE1,ES0144580Y14,ES,DE,EUR,N
DAId,DE0007100000,DE,GB,EUR,N
0H3Q,DE0005552004,DE,GB,EUR,Y
SAP,DE0007164600,DE,DE,EUR,N
DTE,DE0005557508,DE,DE,EUR,N
ADSd,DE000A1EWWW0,DE,GB,EUR,N
SND,FR0000121972,FR,DE,EUR,N
SNW,FR0000120578,FR,DE,EUR,N
VWPRV,DE0007664039,DE,LU,EUR,N
0M6S,DE0008404005,DE,GB,EUR,N
MOH,FR0000121014,FR,DE,EUR,N
ORp,FR0000120321,FR,NL,EUR,N
DTE,DE0005557508,DE,RO,RON,N
MC,FR0000121014,FR,CH,CHF,N
0HAU,FR0000121014,FR,GB,EUR,N
ASML,NL0010273215,NL,NL,EUR,N
ALV,DE0008404005,DE,DE,EUR,N
SANTANDER,ES0113900J37,ES,HU,HUF,N
0LNG,NL0000009538,NL,GB,EUR,N
ORp,FR0000120321,FR,GB,EUR,N
BOY,ES0113211835,ES,DE,EUR,N
RMSp,FR0000052292,FR,,EUR,N
IXD1,ES0148396007,ES,DE,EUR,Y
AIR,NL0000235190,FR,DE,EUR,N
BAYN,DE000BAY0017,DE,CH,CHF,N
ENL,IT0003128367,IT,DE,EUR,N
ENI,IT0003132476,IT,BE,EUR,N
ORp,FR0000120321,FR,DE,EUR,N
AIR,NL0000235190,FR,CH,CHF,Y
STLA,NL00150001Q9,IT,US,USD,N
PPRUF,FR0000121485,FR,US,USD,Y
AHOG,NL0011794037,NL,DE,EUR,N
PHIA,NL0000009538,NL,NL,EUR,N
0HB5,FR0000131104,FR,GB,EUR,Y
ISPm,IT0000072618,IT,GB,EUR,N
ABIb,BE0974293251,BE,GB,EUR,N
ALV,DE0008404005,DE,DE,EUR,N
DB1,DE0005810055,DE,DE,EUR,N
AHOG,NL0011794037,NL,DE,EUR,N
STLA,NL00150001Q9,IT,US,USD,N
ENI,IT0003132476,IT,CH,CHF,Y
0KFE,DE0008430026,DE,GB,EUR,N
PPB,IE00BWT6H894,GB,DE,EUR,N
VNA,DE000A1ML7J1,DE,DE,EUR,N
BAS,DE000BASF111,DE,DE,EUR,N
IBDSF,ES0144580Y14,ES,US,USD,N
ADSd,DE000A1EWWW0,DE,DE,EUR,N
STLA,NL00150001Q9,IT,IT,EUR,N
CSp,FR0000120628,FR,NL,EUR,N
STDD,ES0113900J37,ES,AR,USD,Y
ADDDF,DE000A1EWWW0,DE,US,USD,Y
SAFRF,FR0000073272,FR,US,USD,Y
AIL,FR0000120073,FR,DE,EUR,N
BOY,ES0113211835,ES,DE,EUR,N
BSN,FR0000120644,FR,DE,EUR,N
AXA,FR0000120628,FR,DE,EUR,N
SANe,ES0113900J37,ES,GB,EUR,N
0HV2,FR0000052292,FR,GB,EUR,N
AIp,FR0000120073,FR,GB,EUR,N
FLTRl,IE00BWT6H894,GB,GB,GBP,N
IXD1,ES0148396007,ES,DE,EUR,N
PHIAa,NL0000009538,NL,GB,EUR,N
BNPp,FR0000131104,FR,,EUR,N
IFX,DE0006231004,DE,CH,CHF,N
AIR,NL0000235190,FR,DE,EUR,N
0HAT,FR0000120693,FR,GB,EUR,Y
0NZM,FR0000120321,FR,GB,EUR,Y
SANe,ES0113900J37,ES,DE,EUR,N
RMSp,FR0000052292,FR,DE,EUR,N
ESL,FR0000121667,FR,DE,EUR,Y
BMW,DE0005190003,DE,DE,EUR,N
CRH,IE0001827041,GB,GB,GBP,N
AIp,FR0000120073,FR,GB,EUR,N
GPDNF,FR0000120644,FR,US,USD,N
KNEBVh,FI0009013403,FI,GB,EUR,N
0KED,DE0006231004,DE,GB,EUR,Y
STLA,NL00150001Q9,IT,US,USD,N
RI,FR0000120693,FR,CH,CHF,N
HMI,FR0000052292,FR,DE,EUR,N
IFXz,DE0006231004,DE,,CHF,N
STLA,NL00150001Q9,IT,US,USD,N
ADa,NL0011794037,NL,GB,EUR,N
1NBA,BE0974293251,BE,DE,EUR,Y
ALV,DE0008404005,DE,IT,EUR,N
0HIT,ES0144580Y14,ES,GB,EUR,Y
IDEXF,ES0148396007,ES,US,USD,Y
0RIC,NL0011821202,NL,GB,EUR,Y
DPW,DE0005552004,DE,CH,CHF,Y
AIR,NL0000235190,FR,DE,EUR,N
ENId,IT0003132476,IT,GB,EUR,N
BAYNd,DE000BAY0017,DE,,EUR,N
DB1d,DE0005810055,DE,GB,EUR,N
INGAa,NL0011821202,NL,GB,EUR,N
SAP,DE0007164600,DE,RO,RON,Y
BNp,FR0000120644,FR,GB,EUR,N
SNE,FR0000121972,FR,CH,CHF,N
ALVd,DE0008404005,DE,GB,EUR,N
OR,FR0000120321,FR,CH,CHF,N
FLTRl,IE00BWT6H894,GB,DE,GBP,N
BUDFF,BE0974293251,BE,US,USD,Y
ALVd,DE0008404005,DE,DE,EUR,N
IBE1,ES0144580Y14,ES,DE,EUR,N
SUp,FR0000121972,FR,,EUR,N
EIPAF,IT0003132476,IT,US,USD,Y
SUp,FR0000121972,FR,GB,EUR,N
BNPp,FR0000131104,FR,NL,EUR,N
MUV2d,DE0008430026,DE,GB,EUR,N
MUV2,DE0008430026,DE,DE,EUR,N
PHI,NL0000009538,NL,CH,CHF,Y
AXA,FR0000120628,FR,DE,EUR,N
KERp,FR0000121485,FR,GB,EUR,N
DTE,DE0005557508,DE,DE,EUR,N
AI,FR0000120073,FR,FR,EUR,N
VOW3,DE0007664039,DE,CH,CHF,N
SND,FR0000121972,FR,DE,EUR,N
ASME,NL0010273215,NL,DE,EUR,N
ORp,FR0000120321,FR,,EUR,N
SIEd,DE0007236101,DE,GB,EUR,N
AXA,FR0000120628,FR,DE,EUR,N
SNW,FR0000120578,FR,DE,EUR,N
DTE,DE0005557508,DE,RO,RON,Y
VWVz,DE0007664039,DE,GB,CHF,N
ALVd,DE0008404005,DE,GB,EUR,N
MBG,DE0007100000,DE,DE,EUR,N
DTE,DE0005557508,DE,DE,EUR,Y
BASF,DE000BASF111,DE,IT,EUR,N
ITX,ES0148396007,ES,CH,CHF,Y
ADS,DE000A1EWWW0,DE,CH,CHF,Y
TTEp,FR0000120271,FR,GB,EUR,N
IBE,ES0144580Y14,ES,ES,EUR,N
IFXd,DE0006231004,DE,GB,EUR,N
SANF,FR0000120578,FR,IT,EUR,N
CRHCF,IE0001827041,IE,US,USD,Y
ANHn,BE0974293251,BE,,ZAR,N
CRG,IE0001827041,GB,DE,EUR,N
BAYZF,DE000BAY0017,DE,US,USD,Y
BNP,FR0000131104,FR,IT,EUR,N
BNP,FR0000131104,FR,DE,EUR,Y
RIp,FR0000120693,FR,GB,EUR,N
CS,FR0000120628,FR,FR,EUR,N
AXA,FR0000120628,FR,IT,EUR,N
AXA,FR0000120628,FR,IT,EUR,N
RIp,FR0000120693,FR,GB,EUR,N
SND,FR0000121972,FR,DE,EUR,Y
DB1,DE0005810055,DE,IT,EUR,N
ASML,NL0010273215,NL,IT,EUR,N
AIR,NL0000235190,FR,IT,EUR,N
SU,FR0000121972,FR,IT,EUR,N
EL,FR0000121667,FR,IT,EUR,N
SAF,FR0000073272,FR,IT,EUR,N
VOW3,DE0007664039,DE,IT,EUR,N
DG,FR0000125486,FR,IT,EUR,N
DPW,DE0005552004,DE,IT,EUR,N
IFX,DE0006231004,DE,IT,EUR,N
BMWd,DE0005190003,DE,,EUR,N
SIEd,DE0007236101,DE,GB,EUR,N
SIN,DE0007236101,DE,CH,CHF,Y
ADS,DE000A1EWWW0,DE,CH,CHF,N
ASMLa,NL0010273215,NL,NL,EUR,N
SEJ1,FR0000073272,FR,DE,EUR,N
CRG,IE0001827041,GB,DE,EUR,N
ADSd,DE000A1EWWW0,DE,GB,EUR,N
IFX,DE0006231004,DE,DE,EUR,N
0RI8,NL0011794037,NL,GB,EUR,Y
0P6M,DE0007236101,DE,GB,EUR,N
DAI,DE0007100000,DE,CH,EUR,N
IFX,DE0006231004,DE,CH,EUR,Y
DTE,DE0005557508,DE,CH,EUR,N
MUV2,DE0008430026,DE,CH,EUR,Y
VOW3,DE0007664039,DE,DE,EUR,N
DPW,DE0005552004,DE,CH,CHF,N
SANp,FR0000120578,FR,GB,EUR,N
VNA,DE000A1ML7J1,DE,IT,EUR,N
ADS,DE000A1EWWW0,DE,IT,EUR,N
ASMLa,NL0010273215,NL,GB,EUR,N
ALV,DE0008404005,DE,CH,EUR,Y
MBG,DE0007100000,DE,CH,EUR,Y
ADS,DE000A1EWWW0,DE,CH,EUR,Y
DB1,DE0005810055,DE,CH,EUR,N
DPW,DE0005552004,DE,CH,EUR,N
SIN,DE0007236101,DE,CH,EUR,Y
SAP,DE0007164600,DE,CH,EUR,N
SAP,DE0007164600,DE,CH,EUR,Y
SIN,DE0007236101,DE,CH,EUR,N
DTE,DE0005557508,DE,CH,EUR,Y
ALV,DE0008404005,DE,CH,EUR,N
DB1,DE0005810055,DE,DE,EUR,N
BAYN,DE000BAY0017,DE,CH,EUR,N
BAYN,DE000BAY0017,DE,CH,EUR,Y
8TI,NL00150001Q9,IT,DE,EUR,N
SAPGFn,DE0007164600,DE,,USD,N
ENIm,IT0003132476,IT,DE,EUR,N
BMW,DE0005190003,DE,CH,EUR,Y
ADS,DE000A1EWWW0,DE,CH,EUR,N
MUV2,DE0008430026,DE,CH,EUR,N
ADS,DE000A1EWWW0,DE,DE,EUR,N
8TI,NL00150001Q9,IT,DE,EUR,N
IXD1,ES0148396007,ES,DE,EUR,N
MUV2,DE0008430026,DE,DE,EUR,N
DTEd,DE0005557508,DE,,EUR,N
DGp,FR0000125486,FR,,EUR,N
DTE,DE0005557508,DE,DE,EUR,N
DPW,DE0005552004,DE,CH,CHF,N
BMW,DE0005190003,DE,CH,EUR,N
SIE,DE0007236101,DE,DE,EUR,N
INGA,NL0011821202,NL,NL,EUR,N
DPW,DE0005552004,DE,CH,EUR,Y
DB1,DE0005810055,DE,CH,EUR,Y
IFX,DE0006231004,DE,CH,EUR,N
SUp,FR0000121972,FR,GB,EUR,N
TTE,FR0000120271,FR,GB,EUR,N
DTE,DE0005557508,DE,DE,EUR,N
RMSp,FR0000052292,FR,GB,EUR,N
INGAa,NL0011821202,NL,DE,EUR,N
BMW,DE0005190003,DE,DE,EUR,N
ORp,FR0000120321,FR,GB,EUR,N
AIR,NL0000235190,FR,DE,EUR,Y
MCp,FR0000121014,FR,GB,EUR,N
STLAm,NL00150001Q9,IT,DE,EUR,N
AXA,FR0000120628,FR,DE,EUR,N
ENL,IT0003128367,IT,DE,EUR,Y
0MPH,DE0005557508,DE,GB,EUR,N
BN,FR0000120644,FR,RO,RON,Y
DAI,DE0007100000,DE,RO,RON,N
DGp,FR0000125486,FR,NL,EUR,N
SNYNFn,FR0000120578,FR,,USD,N
DPW,DE0005552004,DE,DE,EUR,N
BMW,DE0005190003,DE,DE,EUR,N
0H3T,DE0005810055,DE,GB,EUR,Y
DTE,DE0005557508,DE,CH,CHF,Y
IBDSF,ES0144580Y14,ES,US,USD,Y
DG,FR0000125486,FR,CH,CHF,N
AHO,NL0011794037,NL,CH,CHF,Y
MCp,FR0000121014,FR,GB,EUR,N
INGA,NL0011821202,NL,NL,EUR,N
ADSd,DE000A1EWWW0,DE,GB,EUR,N
PHIAa,NL0000009538,NL,GB,EUR,N
SAN,FR0000120578,FR,CH,CHF,Y
SU,FR0000121972,FR,IT,EUR,N
EL,FR0000121667,FR,IT,EUR,N
LOR,FR0000120321,FR,DE,EUR,N
IFX,DE0006231004,DE,IT,EUR,N
PDYPF,IE00BWT6H894,GB,US,USD,N
KC4,FI0009013403,FI,DE,EUR,N
DB1,DE0005810055,DE,DE,EUR,Y
VNA,DE000A1ML7J1,DE,IT,EUR,N
ASME,NL0010273215,NL,DE,EUR,N
ENELm,IT0003128367,IT,GB,EUR,N
INGA,NL0011821202,NL,IT,EUR,N
MUV2d,DE0008430026,DE,,EUR,N
AIR,NL0000235190,FR,IT,EUR,N
VOW3,DE0007664039,DE,IT,EUR,N
SAF,FR0000073272,FR,IT,EUR,N
BSN,FR0000120644,FR,DE,EUR,N
SQU,FR0000125486,FR,DE,EUR,N
DPW,DE0005552004,DE,IT,EUR,N
BAYZF,DE000BAY0017,DE,US,USD,N
ENI,IT0003132476,IT,DE,EUR,N
VOW3,DE0007664039,DE,DE,EUR,N
AIp,FR0000120073,FR,GB,EUR,N
VNA,DE000A1ML7J1,DE,CH,CHF,N
MUV2,DE0008430026,DE,CH,CHF,Y
BAYNd,DE000BAY0017,DE,GB,EUR,N
SANTu,ES0113900J37,ES,,EUR,N
BOY,ES0113211835,ES,DE,EUR,N
ADDDF,DE000A1EWWW0,DE,US,USD,N
RI,FR0000120693,FR,CH,CHF,Y
8TI,NL00150001Q9,IT,DE,EUR,N
MBG,DE0007100000,DE,DE,EUR,N
CRGi,IE0001827041,GB,GB,EUR,N
BNPp,FR0000131104,FR,DE,EUR,N
SANp,FR0000120578,FR,DE,EUR,N
ADS,DE000A1EWWW0,DE,DE,EUR,Y
KNEBV,FI0009013403,FI,FI,EUR,N
ENId,IT0003132476,IT,GB,EUR,N
SAN1,ES0113900J37,ES,CH,CHF,Y
EADSFn,NL0000235190,FR,,USD,N
ADa,NL0011794037,NL,GB,EUR,N
SUp,FR0000121972,FR,NL,EUR,N
ADDDFn,DE000A1EWWW0,DE,,USD,N
PHIA,NL0000009538,NL,IT,EUR,N
BSD2,ES0113900J37,ES,CH,CHF,N
BAYe,DE000BAY0017,DE,GB,EUR,N
SEJ1,FR0000073272,FR,DE,EUR,N
ADS,DE000A1EWWW0,DE,DE,EUR,N
0LNG,NL0000009538,NL,GB,EUR,Y
ENELm,IT0003128367,IT,DE,EUR,N
MUV2d,DE0008430026,DE,DE,EUR,N
SUp,FR0000121972,FR,GB,EUR,N
AHBIFn,BE0974293251,BE,,USD,N
AIQUF,FR0000120073,FR,US,USD,Y
BNPp,FR0000131104,FR,GB,EUR,N
ABIb,BE0974293251,BE,DE,EUR,N
CRG,IE0001827041,GB,IE,EUR,N
KC4,FI0009013403,FI,DE,EUR,N
SIEd,DE0007236101,DE,GB,EUR,N
SIEd,DE0007236101,DE,GB,EUR,N
ASMLa,NL0010273215,NL,GB,EUR,N
GPDNF,FR0000120644,FR,US,USD,Y
AI,FR0000120073,FR,IT,EUR,N
IFXN,DE0006231004,DE,MX,MXN,N
ITXN,ES0148396007,ES,MX,MXN,N
KERN,FR0000121485,FR,MX,MXN,Y
VNAd,DE000A1ML7J1,DE,GB,EUR,N
DG,FR0000125486,FR,IT,EUR,N
SAPd,DE0007164600,DE,GB,EUR,N
MOH,FR0000121014,FR,DE,EUR,N
DPW,DE0005552004,DE,DE,EUR,N
HMI,FR0000052292,FR,DE,EUR,N
ALV,DE0008404005,DE,DE,EUR,Y
AIRd,NL0000235190,FR,GB,EUR,N
IFNNF,DE0006231004,DE,US,USD,Y
VNAd,DE000A1ML7J1,DE,GB,EUR,N
SEJ1,FR0000073272,FR,DE,EUR,N
BNPN,FR0000131104,FR,MX,MXN,N
ESL,FR0000121667,FR,DE,EUR,N
DPWd,DE0005552004,DE,GB,EUR,N
IBEN,ES0144580Y14,ES,MX,MXN,Y
BASd,DE000BASF111,DE,GB,EUR,N
0O59,FR0000120578,FR,GB,EUR,N
BNP,FR0000131104,FR,FR,EUR,N
BASd,DE000BASF111,DE,GB,EUR,N
VNAd,DE000A1ML7J1,DE,,EUR,N
0II2,FI0009013403,FI,GB,EUR,N
PHIAa,NL0000009538,NL,GB,EUR,N
ENIm,IT0003132476,IT,GB,EUR,N
0QB8,NL0010273215,NL,GB,EUR,N
KC4,FI0009013403,FI,DE,EUR,N
SAP,DE0007164600,DE,DE,EUR,N
SNW,FR0000120578,FR,DE,EUR,Y
IBE1,ES0144580Y14,ES,CH,CHF,N
1NBA,BE0974293251,BE,DE,EUR,N
PHI,NL0000009538,NL,CH,CHF,N
MUV2,DE0008430026,DE,DE,EUR,N
BBVA*,ES0113211835,ES,MX,MXN,N
AXAN,FR0000120628,FR,MX,MXN,Y
ORN,FR0000120321,FR,MX,MXN,Y
VNA,DE000A1ML7J1,DE,DE,EUR,Y
IBEe,ES0144580Y14,ES,GB,EUR,N
DPSTF,DE0005552004,DE,US,USD,Y
ENL,IT0003128367,IT,DE,EUR,N
ENIm,IT0003132476,IT,GB,EUR,N
EI,FR0000121667,FR,CH,CHF,N
STLA,NL00150001Q9,IT,US,USD,N
IFX,DE0006231004,DE,DE,EUR,N
SQU,FR0000125486,FR,DE,EUR,N
ADa,NL0011794037,NL,,EUR,N
ENELm,IT0003128367,IT,GB,EUR,N
MBG,DE0007100000,DE,DE,EUR,N
PER,FR0000120693,FR,DE,EUR,Y
MOH,FR0000121014,FR,DE,EUR,N
0M6S,DE0008404005,DE,GB,EUR,Y
VOW3N,DE0007664039,DE,MX,MXN,N
DDAIFn,DE0007100000,DE,,USD,N
ESL,FR0000121667,FR,DE,EUR,N
DTEGFn,DE0005557508,DE,,USD,N
RIp,FR0000120693,FR,GB,EUR,N
SANp,FR0000120578,FR,GB,EUR,N
SINz,DE0007236101,DE,GB,CHF,N
BSD2,ES0113900J37,ES,DE,EUR,N
MCp,FR0000121014,FR,GB,EUR,N
1NBA,BE0974293251,BE,DE,EUR,N
0KFE,DE0008430026,DE,GB,EUR,Y
INGAT,NL0011821202,NL,CH,CHF,Y
LIN,IE00BZ12WP82,US,DE,EUR,N
AHOG,NL0011794037,NL,DE,EUR,N
BNP,FR0000131104,FR,CH,CHF,Y
BBVA-U,ES0113211835,ES,IT,EUR,N
BBVAe,ES0113211835,ES,GB,EUR,N
ADS,DE000A1EWWW0,DE,DE,EUR,N
BMW,DE0005190003,DE,IT,EUR,N
SANp,FR0000120578,FR,GB,EUR,N
RMSp,FR0000052292,FR,GB,EUR,N
AIRp,NL0000235190,FR,GB,EUR,N
DDAIF,DE0007100000,DE,US,USD,N
BNP,FR0000131104,FR,DE,EUR,N
BAYN,DE000BAY0017,DE,DE,EUR,N
IES,IT0000072618,IT,DE,EUR,N
BASd,DE000BASF111,DE,,EUR,N
SAFp,FR0000073272,FR,GB,EUR,N
DGp,FR0000125486,FR,GB,EUR,N
AI,FR0000120073,FR,CH,CHF,Y
ORp,FR0000120321,FR,GB,EUR,N
STLA,NL00150001Q9,IT,US,USD,N
VOW3,DE0007664039,DE,DE,EUR,N
IXD1,ES0148396007,ES,DE,EUR,N
INGAa,NL0011821202,NL,GB,EUR,N
CRG,IE0001827041,GB,DE,EUR,N
DAI,DE0007100000,DE,CH,CHF,N
PPB,IE00BWT6H894,GB,DE,EUR,N
CRG,IE0001827041,GB,DE,EUR,N
IXD1,ES0148396007,ES,DE,EUR,N
0M2B,IE00BZ12WP82,US,GB,EUR,N
AIp,FR0000120073,FR,GB,EUR,N
INN1,NL0011821202,NL,DE,EUR,N
ENI,IT0003132476,IT,DE,EUR,N
EL,FR0000121667,FR,FR,EUR,N
ENI,IT0003132476,IT,DE,EUR,N
KC4,FI0009013403,FI,DE,EUR,N
VNA,DE000A1ML7J1,DE,AT,EUR,N
MUV,DE0008430026,DE,AT,EUR,N
BASF,DE000BASF111,DE,IT,EUR,N
DPW,DE0005552004,DE,DE,EUR,N
BOY,ES0113211835,ES,DE,EUR,N
SNW,FR0000120578,FR,DE,EUR,N
AIR,NL0000235190,FR,CH,CHF,N
MUV2,DE0008430026,DE,DE,EUR,N
SAPd,DE0007164600,DE,GB,EUR,N
IFX,DE0006231004,DE,DE,EUR,N
LIN-U,IE00BZ12WP82,US,IT,EUR,N
ENL,IT0003128367,IT,DE,EUR,N
MUV2,DE0008430026,DE,DE,EUR,N
BNC,ES0113900J37,ES,GB,GBP,N
0NW4,DE0007164600,DE,GB,EUR,N
SQU,FR0000125486,FR,DE,EUR,N
1NBA,BE0974293251,BE,DE,EUR,N
LIN,IE00BZ12WP82,US,US,USD,N
MUV2,DE0008430026,DE,DE,EUR,N
KC4,FI0009013403,FI,DE,EUR,Y
AIR,NL0000235190,FR,DE,EUR,N
LINd,IE00BZ12WP82,US,,EUR,N
DB1,DE0005810055,DE,DE,EUR,N
INN1,NL0011821202,NL,DE,EUR,N
SAN,FR0000120578,FR,FR,EUR,N
LIN,IE00BZ12WP82,US,US,USD,N
ABIN,BE0974293251,BE,AT,EUR,N
VNA,DE000A1ML7J1,DE,DE,EUR,N
VOW3d,DE0007664039,DE,,EUR,N
KNEBVh,FI0009013403,FI,,EUR,N
ENELm,IT0003128367,IT,,EUR,N
VNA,DE000A1ML7J1,DE,DE,EUR,N
LINI,IE00BZ12WP82,US,AT,EUR,N
BAYN,DE000BAY0017,DE,RO,RON,Y
SAP,DE0007164600,DE,DE,EUR,N
SIE,DE0007236101,DE,DE,EUR,N
DTE,DE0005557508,DE,CH,CHF,N
ADS,DE000A1EWWW0,DE,DE,EUR,N
ADS,DE000A1EWWW0,DE,DE,EUR,N
ASMLF,NL0010273215,NL,US,USD,Y
LINd,IE00BZ12WP82,US,GB,EUR,N
BOY,ES0113211835,ES,DE,EUR,N
SNW,FR0000120578,FR,DE,EUR,N
ENL,IT0003128367,IT,DE,EUR,N
TOTB,FR0000120271,FR,DE,EUR,N
ADS,DE000A1EWWW0,DE,DE,EUR,N
LVMH,FR0000121014,FR,IT,EUR,N
1N8,NL0012969182,NL,DE,EUR,N
ADa,NL0011794037,NL,GB,EUR,N
BNPp,FR0000131104,FR,GB,EUR,N
INGVF,NL0011821202,NL,US,USD,N
FLTRl,IE00BWT6H894,GB,GB,GBP,N
KNEBVh,FI0009013403,FI,GB,EUR,N
BNCl,ES0113900J37,ES,GB,GBP,N
IFXd,DE0006231004,DE,GB,EUR,N
BAYN,DE000BAY0017,DE,DE,EUR,N
ALVd,DE0008404005,DE,GB,EUR,N
DBO,DE0005810055,DE,AT,EUR,N
SNW,FR0000120578,FR,DE,EUR,N
BMW,DE0005190003,DE,CH,CHF,N
AHOG,NL0011794037,NL,CH,CHF,N
PER,FR0000120693,FR,DE,EUR,N
SANe,ES0113900J37,ES,GB,EUR,N
MC,FR0000121014,FR,CH,CHF,Y
AIRN,NL0000235190,FR,MX,MXN,N
RMSN,FR0000052292,FR,MX,MXN,N
VOW,DE0007664039,DE,CZ,CZK,N
LVMHF,FR0000121014,FR,US,USD,Y
BNp,FR0000120644,FR,DE,EUR,N
IXD1,ES0148396007,ES,CH,CHF,N
BFAl,DE000BASF111,DE,GB,EUR,N
BMWd,DE0005190003,DE,GB,EUR,N
BFAl,DE000BASF111,DE,GB,EUR,N
PPB,IE00BWT6H894,GB,DE,EUR,N
BN,FR0000120644,FR,FR,EUR,N
0H3T,DE0005810055,DE,GB,EUR,N
SANe,ES0113900J37,ES,GB,EUR,N
BNCl,ES0113900J37,ES,GB,GBP,N
MCp,FR0000121014,FR,DE,EUR,N
BVAl,ES0113211835,ES,GB,EUR,N
LIN,IE00BZ12WP82,US,DE,EUR,N
LIN,IE00BZ12WP82,US,DE,EUR,N
ANB*,BE0974293251,BE,MX,MXN,Y
BBVA*,ES0113211835,ES,MX,MXN,Y
BAYN,DE000BAY0017,DE,AT,EUR,N
ENELN,IT0003128367,IT,MX,MXN,Y
DGp,FR0000125486,FR,GB,EUR,N
ISPm,IT0000072618,IT,GB,EUR,N
DB1d,DE0005810055,DE,GB,EUR,N
VNNVF,DE000A1ML7J1,DE,US,USD,Y
BMW,DE0005190003,DE,HU,HUF,N
IFX,DE0006231004,DE,DE,EUR,N
EIp,FR0000121667,FR,GB,EUR,N
AXA,FR0000120628,FR,DE,EUR,N
0BFA,DE000BASF111,DE,GB,EUR,N
SUN,FR0000121972,FR,MX,MXN,Y
ASMLN,NL0010273215,NL,MX,MXN,Y
IFXN,DE0006231004,DE,MX,MXN,Y
IBEe,ES0144580Y14,ES,GB,EUR,N
0NW4,DE0007164600,DE,GB,EUR,Y
IXD1,ES0148396007,ES,DE,EUR,N
ELp,FR0000121667,FR,DE,EUR,N
DGN,FR0000125486,FR,MX,MXN,Y
INF-U,DE0006231004,DE,IT,EUR,N
0OMK,FR0000121667,FR,GB,EUR,Y
0OLD,DE000A1EWWW0,DE,GB,EUR,N
MCp,FR0000121014,FR,GB,EUR,N
TOTB,FR0000120271,FR,DE,EUR,Y
ASME,NL0010273215,NL,DE,EUR,N
ABIb,BE0974293251,BE,GB,EUR,N
AIR,NL0000235190,FR,DE,EUR,N
SAPd,DE0007164600,DE,DE,EUR,N
LIN,IE00BZ12WP82,US,US,USD,N
ALV,DE0008404005,DE,DE,EUR,N
TTEl,FR0000120271,FR,GB,EUR,N
BVAl,ES0113211835,ES,GB,EUR,N
LIN,IE00BZ12WP82,US,US,USD,N
LIN,IE00BZ12WP82,US,US,USD,N
LIN,IE00BZ12WP82,US,US,USD,N
MUV2,DE0008430026,DE,CH,CHF,N
TTEl,FR0000120271,FR,,EUR,N
BMW,DE0005190003,DE,RO,RON,N
TTEp,FR0000120271,FR,GB,EUR,N
BAYN,DE000BAY0017,DE,CH,CHF,N
ASME,NL0010273215,NL,DE,EUR,N
0HB5,FR0000131104,FR,GB,EUR,N
MOH,FR0000121014,FR,DE,EUR,N
IBE1,ES0144580Y14,ES,DE,EUR,N
BNPm,FR0000131104,FR,GB,EUR,N
DB1,DE0005810055,DE,CH,CHF,N
INGB,NL0011821202,NL,BE,EUR,N
DTE,DE0005557508,DE,CZ,CZK,N
MCN,FR0000121014,FR,MX,MXN,Y
BNN,FR0000120644,FR,MX,MXN,Y
PHIAN,NL0000009538,NL,MX,MXN,Y
AIN,FR0000120073,FR,MX,MXN,Y
LOR,FR0000120321,FR,DE,EUR,N
SND,FR0000121972,FR,DE,EUR,N
0RIC,NL0011821202,NL,GB,EUR,N
INGA,NL0011821202,NL,CH,CHF,N
MBG,DE0007100000,DE,MX,MXN,Y
ALVd,DE0008404005,DE,GB,EUR,N
BNPA,FR0000131104,FR,NL,EUR,N
ESL,FR0000121667,FR,DE,EUR,N
SAP,DE0007164600,DE,DE,EUR,Y
OR,FR0000120321,FR,CH,CHF,Y
RMS,FR0000052292,FR,AT,EUR,N
MBG,DE0007100000,DE,CH,CHF,Y
INN1,NL0011821202,NL,DE,EUR,N
TTEl,FR0000120271,FR,GB,EUR,N
BVAl,ES0113211835,ES,GB,EUR,N
HESAF,FR0000052292,FR,US,USD,N
ADSd,DE000A1EWWW0,DE,GB,EUR,N
MUV2d,DE0008430026,DE,GB,EUR,N
SAFp,FR0000073272,FR,GB,EUR,N
DTE,DE0005557508,DE,CZ,CZK,N
BMWd,DE0005190003,DE,GB,EUR,N
DTE,DE0005557508,DE,CZ,CZK,Y
ADYENa,NL0012969182,NL,,EUR,N
BAY,DE000BAY0017,DE,ES,EUR,Y
IFNNFn,DE0006231004,DE,,USD,N
ANN,DE000A1ML7J1,DE,LU,EUR,N
MBGz,DE0007100000,DE,,CHF,N
BVAl,ES0113211835,ES,,EUR,N
LIN,IE00BZ12WP82,US,US,USD,N
LIN,IE00BZ12WP82,US,US,USD,N
LIN,IE00BZ12WP82,US,US,USD,Y
0N9S,IT0003132476,IT,GB,EUR,Y
LIN,IE00BZ12WP82,US,US,USD,N
SEJ1,FR0000073272,FR,DE,EUR,N
CRGi,IE0001827041,GB,GB,EUR,N
0KFX,FR0000120644,FR,GB,EUR,Y
AD,NL0011794037,NL,BE,EUR,N
0KFX,FR0000120644,FR,GB,EUR,N
INGAa,NL0011821202,NL,,EUR,N
BASd,DE000BASF111,DE,GB,EUR,N
SINz,DE0007236101,DE,GB,CHF,N
HMI,FR0000052292,FR,DE,EUR,N
SANp,FR0000120578,FR,NL,EUR,N
TTEp,FR0000120271,FR,DE,EUR,N
BNPm,FR0000131104,FR,GB,EUR,N
AH-U,NL0011794037,NL,IT,EUR,N
SAPd,DE0007164600,DE,GB,EUR,N
SANTu,ES0113900J37,ES,GB,EUR,N
KC4,FI0009013403,FI,DE,EUR,N
RIp,FR0000120693,FR,NL,EUR,N
ASME,NL0010273215,NL,DE,EUR,N
DTE,DE0005557508,DE,CH,CHF,N
AXAHF,FR0000120628,FR,US,USD,Y
KC4,FI0009013403,FI,IT,EUR,N
0KVV,NL0000235190,FR,GB,EUR,Y
0N9S,IT0003132476,IT,GB,EUR,N
0OMK,FR0000121667,FR,GB,EUR,N
ABIb,BE0974293251,BE,GB,EUR,N
DPWd,DE0005552004,DE,GB,EUR,N
SNW,FR0000120578,FR,DE,EUR,N
SEJ1,FR0000073272,FR,IT,EUR,N
ASMLa,NL0010273215,NL,GB,EUR,N
MBGd,DE0007100000,DE,GB,EUR,N
ESL,FR0000121667,FR,IT,EUR,N
LIN,IE00BZ12WP82,US,US,USD,N
PPB,IE00BWT6H894,GB,DE,EUR,N
BNp,FR0000120644,FR,GB,EUR,N
LIN,IE00BZ12WP82,US,US,USD,N
BSD2d,ES0113900J37,ES,GB,EUR,N
0YP5,NL0012969182,NL,GB,EUR,Y
ASME,NL0010273215,NL,IT,EUR,N
CRGi,IE0001827041,IE,FR,EUR,N
BSD2d,ES0113900J37,ES,GB,EUR,N
SEJ1,FR0000073272,FR,DE,EUR,N
ASMLa,NL0010273215,NL,DE,EUR,N
BNp,FR0000120644,FR,GB,EUR,N
AIR,NL0000235190,FR,DE,EUR,N
ELp,FR0000121667,FR,GB,EUR,N
BASd,DE000BASF111,DE,GB,EUR,N
KC4,FI0009013403,FI,DE,EUR,N
ASME,NL0010273215,NL,DE,EUR,N
ABIb,BE0974293251,BE,GB,EUR,N
DTE,DE0005557508,DE,DE,EUR,N
ENIm,IT0003132476,IT,GB,EUR,N
8TI,NL00150001Q9,US,CH,CHF,Y
SAP,DE0007164600,DE,DE,EUR,N
BSD2d,ES0113900J37,ES,,EUR,N
8TI,NL00150001Q9,IT,DE,EUR,N
IES,IT0000072618,IT,DE,EUR,N
MBG,DE0007100000,DE,DE,EUR,N
INGVFn,NL0011821202,NL,,USD,N
ALV,DE0008404005,DE,DE,EUR,N
TOTB,FR0000120271,FR,DE,EUR,N
BNP,FR0000131104,FR,IT,EUR,N
ADSd,DE000A1EWWW0,DE,GB,EUR,N
KNEBVh,FI0009013403,FI,GB,EUR,N
INN1,NL0011821202,NL,DE,EUR,N
INN1d,NL0011821202,NL,GB,EUR,N
DTE,DE0005557508,DE,AT,EUR,N
VOW,DE0007664039,DE,CZ,CZK,Y
LINDEPLC,IE00BZ12WP82,US,HU,HUF,N
SIE,DE0007236101,DE,AT,EUR,N
BSD2,ES0113900J37,ES,DE,EUR,N
BMW,DE0005190003,DE,DE,EUR,N
STLA,NL00150001Q9,IT,US,USD,N
TTEl,FR0000120271,FR,GB,EUR,N
LIN,IE00BZ12WP82,US,US,USD,N
LOR,FR0000120321,FR,DE,EUR,N
1N8,NL0012969182,NL,DE,EUR,N
DGp,FR0000125486,FR,GB,EUR,N
ENELm,IT0003128367,IT,GB,EUR,N
DTEd,DE0005557508,DE,GB,EUR,N
BAS,DE000BASF111,DE,AT,EUR,N
ADYYF,NL0012969182,NL,US,USD,Y
SAFp,FR0000073272,FR,GB,EUR,N
PPX,FR0000121485,FR,DE,EUR,N
SUp,FR0000121972,FR,GB,EUR,N
PHI1,NL0000009538,NL,DE,EUR,N
MBG,DE0007100000,DE,DE,EUR,N
SQU,FR0000125486,FR,DE,EUR,N
AIL,FR0000120073,FR,DE,EUR,N
1N8,NL0012969182,NL,DE,EUR,Y
ADSN,DE000A1EWWW0,DE,MX,MXN,N
SUN,FR0000121972,FR,MX,MXN,N
RIp,FR0000120693,FR,GB,EUR,N
AIN,FR0000120073,FR,MX,MXN,N
MBG,DE0007100000,DE,AT,EUR,N
VOW,DE0007664039,DE,AT,EUR,N
DB1,DE0005810055,DE,IT,EUR,N
SANp,FR0000120578,FR,GB,EUR,N
INGAa,NL0011821202,NL,GB,EUR,N
KERp,FR0000121485,FR,GB,EUR,N
ADYE,NL0012969182,NL,AT,EUR,N
PPBi,IE00BWT6H894,IE,GB,EUR,N
KER,FR0000121485,FR,AT,EUR,N
SU,FR0000121972,FR,AT,EUR,N
ITX,ES0148396007,ES,AT,EUR,N
BAYNz,DE000BAY0017,DE,GB,CHF,N
BAYNz,DE000BAY0017,DE,,CHF,N
BAYNz,DE000BAY0017,DE,GB,CHF,N
BAYNd,DE000BAY0017,DE,GB,EUR,N
DPW,DE0005552004,DE,AT,EUR,N
IFX,DE0006231004,DE,AT,EUR,N
PHIA,NL0000009538,NL,AT,EUR,N
EI,FR0000121667,FR,AT,EUR,N
ASML,NL0010273215,NL,AT,EUR,N
STLA,NL00150001Q9,IT,AT,EUR,N
AI,FR0000120073,FR,AT,EUR,N
BNP,FR0000131104,FR,AT,EUR,N
ISP,IT0000072618,IT,AT,EUR,N
BN,FR0000120644,FR,AT,EUR,N
SAF,FR0000073272,FR,AT,EUR,N
AIR,NL0000235190,FR,AT,EUR,N
ENI,IT0003132476,IT,DE,EUR,N
CS,FR0000120628,FR,AT,EUR,N
FP,FR0000120271,FR,AT,EUR,N
IBE,ES0144580Y14,ES,AT,EUR,N
DG,FR0000125486,FR,AT,EUR,N
BBVA,ES0113211835,ES,AT,EUR,N
ENI,IT0003132476,IT,AT,EUR,N
AHOG,NL0011794037,NL,DE,EUR,N
RI,FR0000120693,FR,AT,EUR,N
SAN,ES0113900J37,ES,AT,EUR,N
MC,FR0000121014,FR,AT,EUR,N
SANO,FR0000120578,FR,AT,EUR,N
PER,FR0000120693,FR,DE,EUR,N
VOW3,DE0007664039,DE,DE,EUR,N
INGA,NL0011821202,NL,AT,EUR,N
AD,NL0011794037,NL,AT,EUR,N
BMWM5N,DE0005190003,DE,MX,MXN,N
OR,FR0000120321,FR,AT,EUR,N
ENEL,IT0003128367,IT,AT,EUR,N
ADYENa,NL0012969182,NL,GB,EUR,N
DGN,FR0000125486,FR,MX,MXN,N
BNCl,ES0113900J37,ES,GB,GBP,N
SAP,DE0007164600,DE,AT,EUR,N
BAS,DE000BASF111,DE,DE,EUR,N
ESL,FR0000121667,FR,DE,EUR,N
SNW,FR0000120578,FR,DE,EUR,N
ADN,NL0011794037,NL,MX,MXN,N
ADYENa,NL0012969182,NL,GB,EUR,N
ALV,DE0008404005,DE,AT,EUR,N
ADS,DE000A1EWWW0,DE,AT,EUR,N
ADYENa,NL0012969182,NL,GB,EUR,N
MCN,FR0000121014,FR,MX,MXN,N
MUV2N,DE0008430026,DE,MX,MXN,N
ALLIANZ,DE0008404005,DE,HU,HUF,N
ALVN,DE0008404005,DE,MX,MXN,N
ENELN,IT0003128367,IT,MX,MXN,N
IBEN,ES0144580Y14,ES,MX,MXN,N
BAYe,DE000BAY0017,DE,GB,EUR,N
BAYe,DE000BAY0017,DE,GB,EUR,N
ASMLN,NL0010273215,NL,MX,MXN,N
ADYENa,NL0012969182,NL,DE,EUR,N
BMW,DE0005190003,DE,AT,EUR,N
1N8,NL0012969182,NL,DE,EUR,N
BNP,FR0000131104,FR,DE,EUR,N
BSN,FR0000120644,FR,DE,EUR,N
ADIDAt,DE000A1EWWW0,DE,,HUF,N
VWAP,DE0007664039,DE,BE,EUR,N
LINN,IE00BZ12WP82,US,MX,MXN,N
ITXe,ES0148396007,ES,GB,EUR,N
VOW3d,DE0007664039,DE,GB,EUR,N
SIE,DE0007236101,DE,DE,EUR,N
BMWd,DE0005190003,DE,GB,EUR,N
HMI,FR0000052292,FR,DE,EUR,N
ABI,BE0974293251,BE,IT,EUR,N
ADS,DE000A1EWWW0,DE,DE,EUR,N
DTE,DE0005557508,DE,DE,EUR,N
ADYENa,NL0012969182,NL,GB,EUR,N
DPW,DE0005552004,DE,DE,EUR,N
ELUN,FR0000121667,FR,MX,MXN,N
DTEN,DE0005557508,DE,MX,MXN,N
1N8,NL0012969182,NL,DE,EUR,N
PPX,FR0000121485,FR,DE,EUR,N
1N8,NL0012969182,NL,CH,CHF,N
SAP,DE0007164600,DE,HU,HUF,N
FLTRFl,IE00BWT6H894,GB,GB,GBP,N
MBG,DE0007100000,DE,MX,MXN,N
DEUTSCHETEL,DE0005557508,DE,HU,HUF,N
MUNICHRE,DE0008430026,DE,HU,HUF,N
FLTRFl,IE00BWT6H894,IE,FR,GBP,N
ISPN,IT0000072618,IT,MX,MXN,N
DPWN,DE0005552004,DE,MX,MXN,N
BAYe,DE000BAY0017,DE,DE,EUR,N
ADYENa,NL0012969182,NL,GB,EUR,N
SAN*,ES0113900J37,ES,MX,MXN,N
BAYNN,DE000BAY0017,DE,MX,MXN,N
KERN,FR0000121485,FR,MX,MXN,N
1N8,NL0012969182,NL,DE,EUR,N
ADYYF,NL0012969182,NL,US,USD,N
1N8,NL0012969182,NL,DE,EUR,N
1N8,NL0012969182,NL,CH,CHF,Y
ABIT,BE0974293251,BE,CH,CHF,Y
1N8,NL0012969182,NL,DE,EUR,N
IBE,ES0144580Y14,ES,IT,EUR,N
LIN,IE00BZ12WP82,US,US,USD,N
RI-U,FR0000120693,FR,IT,EUR,N
BBVA,ES0113211835,ES,IT,EUR,N
0RJI,BE0974293251,BE,GB,EUR,Y
RMSp,FR0000052292,FR,GB,EUR,N
VOLKSWAGEN,DE0007664039,DE,HU,HUF,N
ADYENa,NL0012969182,NL,GB,EUR,N
STLAN,NL00150001Q9,IT,MX,MXN,N
AXAN,FR0000120628,FR,MX,MXN,N
ANB*,BE0974293251,BE,MX,MXN,N
BAS,DE000BASF111,DE,CH,EUR,N
ITX-U,ES0148396007,ES,IT,EUR,N
ABI,BE0974293251,BE,IT,EUR,N
VOW3-U,DE0007664039,DE,IT,EUR,N
DPWd,DE0005552004,DE,GB,EUR,N
CSp,FR0000120628,FR,GB,EUR,N
ADa,NL0011794037,NL,GB,EUR,N
SIEd,DE0007236101,DE,GB,EUR,N
1NBA,BE0974293251,BE,DE,EUR,N
OREP-U,FR0000120321,FR,IT,EUR,N
VNA,DE000A1ML7J1,DE,IT,EUR,N
MUV2d,DE0008430026,DE,GB,EUR,N
STLA,NL00150001Q9,IT,US,USD,N
ITX,ES0148396007,ES,IT,EUR,N
STLAN,NL00150001Q9,DE,MX,MXN,Y
DTEN,DE0005557508,DE,MX,MXN,Y
LINd,IE00BZ12WP82,US,GB,EUR,N
BASN,DE000BASF111,DE,MX,MXN,Y
SANT,ES0113900J37,ES,IT,EUR,N
LIN,IE00BZ12WP82,US,US,USD,N
ALVN,DE0008404005,DE,MX,MXN,Y
DPW,DE0005552004,DE,RO,RON,Y
ADYEN,NL0012969182,NL,NL,EUR,N
SAN*,ES0113900J37,ES,MX,MXN,Y
VNAd,DE000A1ML7J1,DE,GB,EUR,N
DB1N,DE0005810055,DE,MX,MXN,Y
RMSN,FR0000052292,FR,MX,MXN,Y
ISPN,IT0000072618,IT,MX,MXN,Y
LIN,IE00BZ12WP82,DE,DE,EUR,Y
LIN,IE00BZ12WP82,US,DE,EUR,N
LIN,IE00BZ12WP82,US,DE,EUR,N
LIN,IE00BZ12WP82,US,CH,CHF,N
SIEN,DE0007236101,DE,MX,MXN,N
BASN,DE000BASF111,DE,MX,MXN,N
BNN,FR0000120644,FR,MX,MXN,N
BMWM5N,DE0005190003,DE,MX,MXN,Y
LINN,IE00BZ12WP82,DE,MX,MXN,Y
LINd,IE00BZ12WP82,US,DE,EUR,N
PHIAN,NL0000009538,NL,MX,MXN,N
DB1N,DE0005810055,DE,MX,MXN,N
ORN,FR0000120321,FR,MX,MXN,N
BAYNN,DE000BAY0017,DE,MX,MXN,Y
ADN,NL0011794037,NL,MX,MXN,Y
ITXN,ES0148396007,ES,MX,MXN,Y
VNA,DE000A1ML7J1,DE,CH,CHF,N
ELUN,FR0000121667,FR,MX,MXN,Y
SIEN,DE0007236101,DE,MX,MXN,Y
ADSN,DE000A1EWWW0,DE,MX,MXN,Y
LIN,IE00BZ12WP82,US,DE,EUR,N
DPWN,DE0005552004,DE,MX,MXN,Y
BNPN,FR0000131104,FR,MX,MXN,Y
MUV2N,DE0008430026,DE,MX,MXN,Y
VOW3N,DE0007664039,DE,MX,MXN,Y
AIRN,NL0000235190,FR,MX,MXN,Y
0BFA,DE000BASF111,DE,GB,EUR,Y
LIN,IE00BZ12WP82,US,DE,EUR,N
0M2B,IE00BZ12WP82,US,GB,EUR,Y
LINd,IE00BZ12WP82,US,GB,EUR,N
LIN,IE00BZ12WP82,US,DE,EUR,N
LIN,IE00BZ12WP82,US,DE,EUR,N
LIN,IE00BZ12WP82,US,CH,EUR,Y
LIN,IE00BZ12WP82,US,CH,CHF,Y
LIN,IE00BZ12WP82,US,CH,EUR,N
LINd,IE00BZ12WP82,US,GB,EUR,N
ASMLN,NL0010273215,NL,MX,MXN,N
SUN,FR0000121972,FR,MX,MXN,N
MBG,DE0007100000,DE,MX,MXN,N
BASN,DE000BASF111,DE,MX,MXN,N
AXAN,FR0000120628,FR,MX,MXN,N
BMWM5N,DE0005190003,DE,MX,MXN,N
ALVN,DE0008404005,DE,MX,MXN,N
ENELN,IT0003128367,IT,MX,MXN,N
STLAN,NL00150001Q9,IT,MX,MXN,N
SIEN,DE0007236101,DE,MX,MXN,N
BNPN,FR0000131104,FR,MX,MXN,N
AIN,FR0000120073,FR,MX,MXN,N
DGN,FR0000125486,FR,MX,MXN,N
MUV2N,DE0008430026,DE,MX,MXN,N
BNN,FR0000120644,FR,MX,MXN,N
AIRp,NL0000235190,FR,GB,EUR,N
CRHi,IE0001827041,GB,GB,EUR,N
TTEp,FR0000120271,FR,GB,EUR,N
L6Nd,IE00BZ12WP82,US,GB,EUR,N
0YP5,NL0012969182,NL,GB,EUR,N
RMSN,FR0000052292,FR,MX,MXN,N
BAYNN,DE000BAY0017,DE,MX,MXN,N
MCN,FR0000121014,FR,MX,MXN,N
ANB*,BE0974293251,BE,MX,MXN,N
SAN*,ES0113900J37,ES,MX,MXN,N
IBEN,ES0144580Y14,ES,MX,MXN,N
BBVA*,ES0113211835,ES,MX,MXN,N
ITXN,ES0148396007,ES,MX,MXN,N
AIRN,NL0000235190,FR,MX,MXN,N
BNPp,FR0000131104,FR,GB,EUR,N
PHIAN,NL0000009538,NL,MX,MXN,N
ADN,NL0011794037,NL,MX,MXN,N
ISPN,IT0000072618,IT,MX,MXN,N
ELUN,FR0000121667,FR,MX,MXN,N
ORN,FR0000120321,FR,MX,MXN,N
ADSN,DE000A1EWWW0,DE,MX,MXN,N
LINN,IE00BZ12WP82,US,MX,MXN,N
DTEN,DE0005557508,DE,MX,MXN,N
DPWN,DE0005552004,DE,MX,MXN,N
IFXN,DE0006231004,DE,MX,MXN,N
VOW3N,DE0007664039,DE,MX,MXN,N
KERN,FR0000121485,FR,MX,MXN,N
DB1N,DE0005810055,DE,MX,MXN,N
BAS,DE000BASF111,DE,CH,EUR,Y
VOW3d,DE0007664039,DE,FR,EUR,N
,NL0000235190,,,EUR,N
PRX,NL0013654783,NL,NL,EUR,N
PRX,NL0013654783,NL,ZA,ZAR,N
PRXa,NL0013654783,NL,GB,EUR,N
1TY,NL0013654783,NL,DE,EUR,N
1TY,NL0013654783,NL,DE,EUR,N
1TY,NL0013654783,NL,DE,EUR,N
1TY,NL0013654783,NL,DE,EUR,Y
PRXa,NL0013654783,NL,,EUR,N
1TY,NL0013654783,NL,DE,EUR,N
1TY,NL0013654783,NL,DE,EUR,N
1TY,NL0013654783,NL,DE,EUR,N
1TY,NL0013654783,NL,DE,EUR,N
ADYEN,NL0012969182,NL,IT,EUR,N
1TY,NL0013654783,NL,DE,EUR,N
1TY,NL0013654783,NL,DE,EUR,N
LIN,IE00BZ12WP82,US,DE,EUR,N
PRXa,NL0013654783,NL,FR,EUR,N
PRXa,NL0013654783,NL,GB,EUR,N
PRXa,NL0013654783,NL,GB,EUR,N
PRXa,NL0013654783,NL,GB,EUR,N
PRXa,NL0013654783,NL,GB,EUR,N
PRXa,NL0013654783,NL,GB,EUR,N
0A28,NL0013654783,NL,GB,EUR,N
PROSF,NL0013654783,NL,US,USD,N
PROSF,NL0013654783,NL,US,USD,Y
PRX,NL0013654783,NL,AT,EUR,N
AIRd,NL0000235190,FR,NL,EUR,N
DGp,FR0000125486,FR,NL,EUR,N
ELp,FR0000121667,FR,NL,EUR,N
INGAa,NL0011821202,NL,NL,EUR,N
VNAd,DE000A1ML7J1,DE,NL,EUR,N
SUp,FR0000121972,FR,NL,EUR,N
DPWd,DE0005552004,DE,NL,EUR,N
MCp,FR0000121014,FR,NL,EUR,N
FLTRi,IE00BWT6H894,GB,NL,EUR,N
ITXe,ES0148396007,ES,NL,EUR,N
BMWd,DE0005190003,DE,NL,EUR,N
BAYNd,DE000BAY0017,DE,NL,EUR,N
CRGi,IE0001827041,GB,NL,EUR,N
CSp,FR0000120628,FR,NL,EUR,N
STLAm,NL00150001Q9,IT,NL,EUR,N
LINd,IE00BZ12WP82,US,NL,EUR,N
AIp,FR0000120073,FR,NL,EUR,N
BNp,FR0000120644,FR,NL,EUR,N
ADYENa,NL0012969182,NL,NL,EUR,N
BBVAe,ES0113211835,ES,NL,EUR,N
DB1d,DE0005810055,DE,NL,EUR,N
DTEd,DE0005557508,DE,NL,EUR,N
PRXa,NL0013654783,NL,NL,EUR,N
ENId,IT0003132476,IT,NL,EUR,N
SAFp,FR0000073272,FR,NL,EUR,N
IFXd,DE0006231004,DE,NL,EUR,N
ORp,FR0000120321,FR,NL,EUR,N
SAPd,DE0007164600,DE,NL,EUR,N
MUV2d,DE0008430026,DE,NL,EUR,N
MBGd,DE0007100000,DE,NL,EUR,N
RMSp,FR0000052292,FR,NL,EUR,N
VOW3d,DE0007664039,DE,NL,EUR,N
ADa,NL0011794037,NL,NL,EUR,N
BNPp,FR0000131104,FR,NL,EUR,N
KNEBVh,FI0009013403,FI,NL,EUR,N
TTEp,FR0000120271,FR,NL,EUR,N
KERp,FR0000121485,FR,NL,EUR,N
IBEe,ES0144580Y14,ES,NL,EUR,N
ENLd,IT0003128367,IT,NL,EUR,N
ISPm,IT0000072618,IT,NL,EUR,N
SANp,FR0000120578,FR,NL,EUR,N
RIp,FR0000120693,FR,NL,EUR,N
SANe,ES0113900J37,ES,NL,EUR,N
PHIAa,NL0000009538,NL,NL,EUR,N
SIEd,DE0007236101,DE,NL,EUR,N
ALVd,DE0008404005,DE,NL,EUR,N
ASMLa,NL0010273215,NL,NL,EUR,N
BASd,DE000BASF111,DE,NL,EUR,N
ADSd,DE000A1EWWW0,DE,NL,EUR,N
ABIb,BE0974293251,BE,NL,EUR,N
FLTRi,IE00BWT6H894,GB,GB,EUR,N
BSN,FR0000120644,FR,CH,CHF,N
ISPm,IT0000072618,IT,FR,EUR,N
ISPm,IT0000072618,IT,NL,EUR,N
ISPm,IT0000072618,IT,FR,EUR,N
ISPm,IT0000072618,IT,NL,EUR,N
ENIm,IT0003132476,IT,FR,EUR,N
ENELm,IT0003128367,IT,FR,EUR,N
ENIm,IT0003132476,IT,FR,EUR,N
ENELm,IT0003128367,IT,FR,EUR,N
ENIm,IT0003132476,IT,NL,EUR,N
ENELm,IT0003128367,IT,NL,EUR,N
ENELm,IT0003128367,IT,NL,EUR,N
ENIm,IT0003132476,IT,NL,EUR,N
PRX,NL0013654783,NL,CH,CHF,N
PRXa,NL0013654783,NL,DE,EUR,N
KC4,FI0009013403,FI,DE,EUR,N
HMI,FR0000052292,FR,DE,EUR,N
PER,FR0000120693,FR,DE,EUR,N
1N8,NL0012969182,NL,DE,EUR,N
SAFN,FR0000073272,FR,MX,MXN,N
SAFN,FR0000073272,FR,MX,MXN,Y
SAFN,FR0000073272,FR,MX,MXN,N
0A28,NL0013654783,NL,GB,EUR,Y
PPB,IE00BWT6H894,GB,DE,EUR,N
FLTTR N,IE00BWT6H894,IE,MX,MXN,N
FLTTRN,IE00BWT6H894,IE,MX,MXN,Y
ADYENN,NL0012969182,NL,MX,MXN,N
ADYENN,NL0012969182,NL,MX,MXN,Y
ADYENN,NL0012969182,NL,MX,MXN,N
1TY,NL0013654783,NL,IT,EUR,N
HMI,FR0000052292,FR,IT,EUR,N
1TY,NL0013654783,NL,DE,EUR,N
8TI,NL00150001Q9,US,DE,EUR,N
BSN,FR0000120644,FR,DE,EUR,N
VNA,DE000A1ML7J1,DE,DE,EUR,N
HMI,FR0000052292,FR,DE,EUR,N
SND,FR0000121972,FR,DE,EUR,N
PPX,FR0000121485,FR,DE,EUR,N
ADS,DE000A1EWWW0,DE,DE,EUR,N
VOW3,DE0007664039,DE,DE,EUR,N
MOH,FR0000121014,FR,DE,EUR,N
IBE1,ES0144580Y14,ES,DE,EUR,N
1NBA,BE0974293251,BE,DE,EUR,N
PHI1,NL0000009538,NL,DE,EUR,N
SEJ1,FR0000073272,FR,DE,EUR,N
ASME,NL0010273215,NL,DE,EUR,N
AHOG,NL0011794037,NL,DE,EUR,N
SQU,FR0000125486,FR,DE,EUR,N
AIL,FR0000120073,FR,DE,EUR,N
LOR,FR0000120321,FR,DE,EUR,N
AXA,FR0000120628,FR,DE,EUR,N
PER,FR0000120693,FR,DE,EUR,N
SNW,FR0000120578,FR,DE,EUR,N
MUV2,DE0008430026,DE,DE,EUR,N
BNP,FR0000131104,FR,DE,EUR,N
BAS,DE000BASF111,DE,DE,EUR,N
BAYN,DE000BAY0017,DE,DE,EUR,N
DB1,DE0005810055,DE,DE,EUR,N
ALV,DE0008404005,DE,DE,EUR,N
AIR,NL0000235190,FR,DE,EUR,N
LIN,IE00BZ12WP82,US,US,USD,N
STLA,NL00150001Q9,IT,US,USD,N
CRG,IE0001827041,GB,DE,EUR,N
1N8,NL0012969182,NL,DE,EUR,N
LIN,IE00BZ12WP82,US,DE,EUR,N
PPB,IE00BWT6H894,GB,DE,GBP,N
SIE,DE0007236101,DE,DE,EUR,N
BSD2,ES0113900J37,ES,DE,EUR,N
IES,IT0000072618,IT,DE,EUR,N
INN1,NL0011821202,NL,DE,EUR,N
ESL,FR0000121667,FR,DE,EUR,N
IXD1,ES0148396007,ES,DE,EUR,N
TOTB,FR0000120271,FR,DE,EUR,N
BMW,DE0005190003,DE,DE,EUR,N
BOY,ES0113211835,ES,DE,EUR,N
IFX,DE0006231004,DE,DE,EUR,N
KC4,FI0009013403,FI,DE,EUR,N
ENL,IT0003128367,IT,DE,EUR,N
DTE,DE0005557508,DE,DE,EUR,N
ENI,IT0003132476,IT,DE,EUR,N
SAP,DE0007164600,DE,DE,EUR,N
MBG,DE0007100000,DE,DE,EUR,N
DPW,DE0005552004,DE,DE,EUR,N
STLA,NL00150001Q9,IT,US,USD,N
LIN,IE00BZ12WP82,US,US,USD,N
KC4,FI0009013403,FI,DE,EUR,N
LIN,IE00BZ12WP82,US,US,USD,N
STLA,NL00150001Q9,IT,US,USD,N
1N8,NL0012969182,NL,DE,EUR,N
1TY,NL0013654783,NL,DE,EUR,N
KC4,FI0009013403,FI,DE,EUR,N
PER,FR0000120693,FR,DE,EUR,N
1N8,NL0012969182,NL,DE,EUR,N
HMI,FR0000052292,FR,DE,EUR,N
MBG,DE0007100000,DE,DE,EUR,N
BMWt,DE0005190003,DE,,HUF,N
INFINt,DE0006231004,DE,,HUF,N
SAPt,DE0007164600,DE,,HUF,N
VOLKSt,DE0007664039,DE,,HUF,N
BASFt,DE000BASF111,DE,,HUF,N
BAYERt,DE000BAY0017,DE,,HUF,N
MERCEt,DE0007100000,DE,,HUF,N
DEUTTt,DE0005557508,DE,,HUF,N
INN1d,NL0011821202,NL,,EUR,N
INN1d,NL0011821202,NL,FR,EUR,N
ADa,NL0011794037,NL,FR,EUR,N
BNPp,FR0000131104,FR,FR,EUR,N
BNp,FR0000120644,FR,FR,EUR,N
ADSd,DE000A1EWWW0,DE,FR,EUR,N
ALVd,DE0008404005,DE,FR,EUR,N
SAPd,DE0007164600,DE,FR,EUR,N
CSp,FR0000120628,FR,FR,EUR,N
ASMLa,NL0010273215,NL,FR,EUR,N
AIRp,NL0000235190,FR,FR,EUR,N
PHIAa,NL0000009538,NL,FR,EUR,N
IBEe,ES0144580Y14,ES,FR,EUR,N
FLTRi,IE00BWT6H894,GB,FR,EUR,N
BAYNd,DE000BAY0017,DE,FR,EUR,N
MBGd,DE0007100000,DE,FR,EUR,N
PRXa,NL0013654783,NL,FR,EUR,N
DTEd,DE0005557508,DE,FR,EUR,N
STLAp,NL00150001Q9,IT,FR,EUR,N
LINd,IE00BZ12WP82,US,FR,EUR,N
SAFp,FR0000073272,FR,FR,EUR,N
VNAd,DE000A1ML7J1,DE,FR,EUR,N
MUV2d,DE0008430026,DE,FR,EUR,N
ITXe,ES0148396007,ES,FR,EUR,N
RMSp,FR0000052292,FR,FR,EUR,N
ADYENa,NL0012969182,NL,FR,EUR,N
SANe,ES0113900J37,ES,FR,EUR,N
DGp,FR0000125486,FR,FR,EUR,N
IFXd,DE0006231004,DE,FR,EUR,N
BASd,DE000BASF111,DE,FR,EUR,N
ABIb,BE0974293251,BE,FR,EUR,N
AIp,FR0000120073,FR,FR,EUR,N
BBVAe,ES0113211835,ES,FR,EUR,N
BMWd,DE0005190003,DE,FR,EUR,N
CRGi,IE0001827041,GB,FR,EUR,N
DB1d,DE0005810055,DE,FR,EUR,N
DPWd,DE0005552004,DE,FR,EUR,N
ELp,FR0000121667,FR,FR,EUR,N
TTEp,FR0000120271,FR,FR,EUR,N
KNEBVh,FI0009013403,FI,FR,EUR,N
KERp,FR0000121485,FR,FR,EUR,N
MCp,FR0000121014,FR,FR,EUR,N
ORp,FR0000120321,FR,FR,EUR,N
RIp,FR0000120693,FR,FR,EUR,N
SIEd,DE0007236101,DE,FR,EUR,N
SANp,FR0000120578,FR,FR,EUR,N
SUp,FR0000121972,FR,FR,EUR,N
VOW3d,DE0007664039,DE,FR,EUR,N
ABIb,BE0974293251,BE,NL,EUR,N
ADa,NL0011794037,NL,NL,EUR,N
ADYENa,NL0012969182,NL,NL,EUR,N
ADSd,DE000A1EWWW0,DE,NL,EUR,N
AIRp,NL0000235190,FR,NL,EUR,N
AIp,FR0000120073,FR,NL,EUR,N
ALVd,DE0008404005,DE,NL,EUR,N
ASMLa,NL0010273215,NL,NL,EUR,N
BAYNd,DE000BAY0017,DE,NL,EUR,N
BASd,DE000BASF111,DE,NL,EUR,N
BBVAe,ES0113211835,ES,NL,EUR,N
BMWd,DE0005190003,DE,NL,EUR,N
BNp,FR0000120644,FR,NL,EUR,N
BNPp,FR0000131104,FR,NL,EUR,N
CRGi,IE0001827041,GB,NL,EUR,N
CSp,FR0000120628,FR,NL,EUR,N
MBGd,DE0007100000,DE,NL,EUR,N
DB1d,DE0005810055,DE,NL,EUR,N
DGp,FR0000125486,FR,NL,EUR,N
DTEd,DE0005557508,DE,NL,EUR,N
DPWd,DE0005552004,DE,NL,EUR,N
ELp,FR0000121667,FR,NL,EUR,N
STLAp,NL00150001Q9,IT,NL,EUR,N
FLTRi,IE00BWT6H894,GB,NL,EUR,N
TTEp,FR0000120271,FR,NL,EUR,N
IBEe,ES0144580Y14,ES,NL,EUR,N
IFXd,DE0006231004,DE,NL,EUR,N
INGAa,NL0011821202,NL,NL,EUR,N
ITXe,ES0148396007,ES,NL,EUR,N
KERp,FR0000121485,FR,NL,EUR,N
KNEBVh,FI0009013403,FI,NL,EUR,N
LINd,IE00BZ12WP82,US,NL,EUR,N
MCp,FR0000121014,FR,NL,EUR,N
MUV2d,DE0008430026,DE,NL,EUR,N
ORp,FR0000120321,FR,NL,EUR,N
PHIAa,NL0000009538,NL,NL,EUR,N
PRXa,NL0013654783,NL,NL,EUR,N
RIp,FR0000120693,FR,NL,EUR,N
RMSp,FR0000052292,FR,NL,EUR,N
SANp,FR0000120578,FR,NL,EUR,N
SANe,ES0113900J37,ES,NL,EUR,N
SAFp,FR0000073272,FR,NL,EUR,N
SAPd,DE0007164600,DE,NL,EUR,N
SIEd,DE0007236101,DE,NL,EUR,N
SUp,FR0000121972,FR,NL,EUR,N
VNAd,DE000A1ML7J1,DE,NL,EUR,N
VOW3d,DE0007664039,DE,NL,EUR,N
SAP1N,DE0007164600,DE,MX,MXN,N
SAP1N,DE0007164600,DE,MX,MXN,N
SAP1N,DE0007164600,DE,MX,MXN,Y
DTEk,DE0005557508,DE,,CZK,N
PRXN,NL0013654783,NL,MX,MXN,Y
PRXN,NL0013654783,NL,MX,MXN,N
PRXN,NL0013654783,NL,MX,MXN,N
PRX,NL0013654783,NL,ZA,ZAR,N
SNWd,FR0000120578,FR,,EUR,N
LINDEt,IE00BZ12WP82,US,,HUF,N
ALLIAt,DE0008404005,DE,,HUF,N
VOWk,DE0007664039,DE,,CZK,N
ASMEd,NL0010273215,NL,,EUR,N
STLA,NL00150001Q9,IT,FR,EUR,N
STLAp,NL00150001Q9,IT,FR,EUR,N
STLAp,NL00150001Q9,IT,GB,EUR,N
STLAp,NL00150001Q9,IT,,EUR,N
STLAp,NL00150001Q9,IT,GB,EUR,N
STLAp,NL00150001Q9,IT,GB,EUR,N
STLAp,NL00150001Q9,IT,GB,EUR,N
STLAp,NL00150001Q9,US,DE,EUR,N
STLA,NL00150001Q9,US,PE,USD,N
1N8d,NL0012969182,NL,,EUR,N
TOTBd,FR0000120271,FR,,EUR,N
TTEp,FR0000120271,FR,FR,EUR,N
TTEp,FR0000120271,FR,FR,EUR,N
RIN,FR0000120693,FR,MX,MXN,N
RIN,FR0000120693,FR,MX,MXN,N
KNEBVN,FI0009013403,FI,MX,MXN,N
VNAN,DE000A1ML7J1,DE,MX,MXN,N
RIN,FR0000120693,FR,MX,MXN,Y
VNAN,DE000A1ML7J1,DE,MX,MXN,Y
KNEBVN,FI0009013403,FI,MX,MXN,Y
VNAN,DE000A1ML7J1,DE,MX,MXN,N
KNEBVN,FI0009013403,FI,MX,MXN,N
AIRd,NL0000235190,FR,DE,EUR,N
SAN1N,FR0000120578,FR,MX,MXN,Y
SAN1N,FR0000120578,FR,MX,MXN,N
SAN1N,FR0000120578,FR,MX,MXN,N
AIRe,NL0000235190,FR,DE,EUR,N
ENIM,IT0003132476,IT,FR,EUR,N
1TYd,NL0013654783,NL,,EUR,N
PPX,FR0000121485,FR,CH,CHF,N
ALIN,IE00BZ12WP82,US,CR,USD,N
PPB,IE00BWT6H894,GB,DE,EUR,N
PPB,IE00BWT6H894,GB,DE,EUR,N
PRXA,NL0013654783,NL,FR,EUR,N
ASMLA,NL0010273215,NL,FR,EUR,N
INGAA,NL0011821202,NL,FR,EUR,N
ADA,NL0011794037,NL,FR,EUR,N
PHIAA,NL0000009538,NL,FR,EUR,N
ADYENA,NL0012969182,NL,FR,EUR,N
ABIB,BE0974293251,BE,FR,EUR,N
RIP,FR0000120693,FR,FR,EUR,N
DGP,FR0000125486,FR,FR,EUR,N
SUP,FR0000121972,FR,FR,EUR,N
CSP,FR0000120628,FR,FR,EUR,N
SAFP,FR0000073272,FR,FR,EUR,N
RMSP,FR0000052292,FR,FR,EUR,N
ORP,FR0000120321,FR,FR,EUR,N
KERP,FR0000121485,FR,FR,EUR,N
AIRP,NL0000235190,FR,FR,EUR,N
ELP,FR0000121667,FR,FR,EUR,N
KNEBVH,FI0009013403,FI,FR,EUR,N
IBEE,ES0144580Y14,ES,FR,EUR,N
ITXE,ES0148396007,ES,FR,EUR,N
AIP,FR0000120073,FR,FR,EUR,N
SANE,ES0113900J37,ES,FR,EUR,N
MCP,FR0000121014,FR,FR,EUR,N
BBVAE,ES0113211835,ES,FR,EUR,N
ENELM,IT0003128367,IT,FR,EUR,N
BNP,FR0000120644,FR,FR,EUR,N
BNPP,FR0000131104,FR,FR,EUR,N
SANP,FR0000120578,FR,FR,EUR,N
DTED,DE0005557508,DE,FR,EUR,N
ISPM,IT0000072618,IT,FR,EUR,N
SIED,DE0007236101,DE,FR,EUR,N
ADSD,DE000A1EWWW0,DE,FR,EUR,N
ALVD,DE0008404005,DE,FR,EUR,N
MUV2D,DE0008430026,DE,FR,EUR,N
SAPD,DE0007164600,DE,FR,EUR,N
DAID,DE0007100000,DE,FR,EUR,N
IFXD,DE0006231004,DE,FR,EUR,N
DPWD,DE0005552004,DE,FR,EUR,N
BASD,DE000BASF111,DE,FR,EUR,N
BAYND,DE000BAY0017,DE,FR,EUR,N
L6ND,IE00BZ12WP82,US,FR,EUR,N
VOW3D,DE0007664039,DE,FR,EUR,N
DB1D,DE0005810055,DE,FR,EUR,N
VNAD,DE000A1ML7J1,DE,FR,EUR,N
BMWD,DE0005190003,DE,FR,EUR,N
STLAP,NL00150001Q9,US,FR,EUR,N
LIN,IE00BZ12WP82,US,,USD,N
STLA,NL00150001Q9,,,USD,N
CRG,IE0001827041,GB,DE,EUR,N
ESL,FR0000121667,FR,DE,EUR,N
SEJ1,FR0000073272,FR,DE,EUR,N
VNA@DE,DE000A1ML7J1,DE,,EUR,N
BMW@DE,DE0005190003,DE,,EUR,N
DPW@DE,DE0005552004,DE,,EUR,N
ALV@DE,DE0008404005,,,EUR,N
BAYN@DE,DE000BAY0017,DE,,EUR,N
MUV2@DE,DE0008430026,DE,,EUR,N
DB1@DE,DE0005810055,DE,,EUR,N
BAS@DE,DE000BASF111,DE,,EUR,N
DTE@DE,DE0005557508,DE,,EUR,N
VOW3@DE,DE0007664039,DE,,EUR,N
SAP@DE,DE0007164600,DE,,EUR,N
ADS@DE,DE000A1EWWW0,DE,,EUR,N
SIE@DE,DE0007236101,DE,,EUR,N
IFX@DE,DE0006231004,DE,,EUR,N
IFXd,DE0006231004,DE,FR,EUR,N
VNA,DE000A1ML7J1,DE,BG,EUR,N
LIN,IE00BZ12WP82,US,CH,CHF,N
1N8,NL0012969182,NL,CH,CHF,N
SAP1-RM,DE0007164600,DE,RU,RUB,N
PHI1d,NL0000009538,NL,,EUR,N
INGAN,NL0011821202,NL,MX,MXN,N
INGAN,NL0011821202,NL,MX,MXN,N
INGAN,NL0011821202,NL,MX,MXN,Y
ADS,DE000A1EWWW0,DE,IT,EUR,N
AXAd,FR0000120628,FR,,EUR,N
8TId,NL00150001Q9,,,EUR,N
MOHd,FR0000121014,FR,,EUR,N
ASML,NL0010273215,NL,IT,EUR,N
BNPp,FR0000131104,FR,NL,EUR,N
BNPd,FR0000131104,FR,,EUR,N
1NBAd,BE0974293251,BE,,EUR,N
AIR_KZ,NL0000235190,FR,KZ,KZT,N
PPB,IE00BWT6H894,GB,DE,EUR,N
,IE00BWT6H894,IE,MX,MXN,N
HMI,FR0000052292,FR,DE,EUR,N
AXAD,FR0000120628,FR,GB,EUR,N
RMSp,FR0000052292,FR,IE,EUR,N
ESLOFn,FR0000121667,FR,IE,USD,N
DPSTFn,DE0005552004,DE,IE,USD,N
MUV2d,DE0008430026,DE,IE,EUR,N
AIR,NL0000235190,FR,,EUR,N
SU,FR0000121972,FR,,EUR,N
DAI,DE0007100000,DE,,EUR,N
ASMEd,NL0010273215,NL,IE,EUR,N
BAMXFn,DE0005190003,DE,IE,USD,N
ADa,NL0011794037,NL,IE,EUR,N
EI,FR0000121667,FR,,EUR,N
AIp,FR0000120073,FR,IE,EUR,N
BASd,DE000BASF111,DE,IE,EUR,N
MCp,FR0000121014,FR,IE,EUR,N
MUV2d,DE0008430026,DE,IE,EUR,N
MURGFn,DE0008430026,DE,IE,USD,N
AH,NL0011794037,NL,,EUR,N
PDRDFn,FR0000120693,FR,IE,USD,N
ORp,FR0000120321,FR,IE,EUR,N
PPRUFn,FR0000121485,FR,IE,USD,N
PHIAa,NL0000009538,NL,IE,EUR,N
1TYd,NL0013654783,NL,IE,EUR,N
1N8d,NL0012969182,NL,IE,EUR,N
1N8d,NL0012969182,NL,GB,EUR,N
SAPt,DE0007164600,DE,IE,HUF,N
SNWd,FR0000120578,FR,GB,EUR,N
ISP,IT0000072618,IT,,EUR,N
VOW3d,DE0007664039,DE,IE,EUR,N
SMAWFn,DE0007236101,DE,IE,USD,N
KERp,FR0000121485,FR,IE,EUR,N
IBE,ES0144580Y14,ES,,EUR,N
PLS,IE00BWT6H894,GB,,EUR,N
CRG,IE0001827041,GB,,EUR,N
VOW3,DE0007664039,DE,,EUR,N
VWVz,DE0007664039,DE,,CHF,N
OXADNL,NL0011794037,NL,CH,EUR,N
DPW,DE0005552004,DE,,EUR,N
DANz,FR0000120644,FR,GB,CHF,N
KNYJFn,FI0009013403,FI,IE,USD,N
LVMHFn,FR0000121014,FR,IE,USD,N
BAYNz,DE000BAY0017,DE,GB,CHF,N
LINd,IE00BZ12WP82,US,IE,EUR,N
LRLCFn,FR0000120321,FR,IE,USD,N
RMS,FR0000052292,FR,,EUR,N
LINd,IE00BZ12WP82,US,IE,EUR,N
FLTRFl,IE00BWT6H894,IE,GB,GBP,N
FLTRi,IE00BWT6H894,GB,IE,EUR,N
VOW3,DE0007664039,DE,,CHF,Y
SANw,ES0113900J37,ES,IE,PLN,N
IITSFn,IT0000072618,IT,IE,USD,N
INGVFn,NL0011821202,NL,IE,USD,N
IFXz,DE0006231004,DE,IE,CHF,N
GPDNFn,FR0000120644,FR,IE,USD,N
IFXd,DE0006231004,DE,IE,EUR,N
ITXe,ES0148396007,ES,IE,EUR,N
ISPm,IT0000072618,IT,IE,EUR,N
INFINt,DE0006231004,DE,IE,HUF,N
TTEl,FR0000120271,FR,IE,EUR,N
IBEe,ES0144580Y14,ES,IE,EUR,N
IDEXFn,ES0148396007,ES,IE,USD,N
,NL0011821202,NL,,EUR,N
INGAa,NL0011821202,NL,NL,EUR,N
ANHN,BE0974293251,BE,GB,ZAR,N
KERp,FR0000121485,FR,IE,EUR,N
INGAa,NL0011821202,NL,IE,EUR,N
LINd,IE00BZ12WP82,US,GB,EUR,N
BMW,DE0005190003,DE,,EUR,N
PHIA,NL0000009538,NL,,EUR,N
FCAU,NL00150001Q9,DE,,EUR,N
EIPAFn,IT0003132476,IT,IE,USD,N
AXAd,FR0000120628,FR,IE,EUR,N
MURGFn,DE0008430026,DE,IE,USD,N
DTE,DE0005557508,DE,,EUR,N
MBGd,DE0007100000,DE,IE,EUR,N
IITSFn,IT0000072618,IT,IE,USD,N
SNWd,FR0000120578,FR,IE,EUR,N
DDAIFn,DE0007100000,DE,IE,USD,N
DANz,FR0000120644,FR,IE,CHF,N
,NL00150001Q9,IT,HU,HUF,N
DB1d,DE0005810055,DE,IE,EUR,N
AXAHFn,FR0000120628,FR,IE,USD,N
DPSTFn,DE0005552004,DE,IE,USD,N
BFFAFn,DE000BASF111,DE,IE,USD,N
FLTRi,IE00BWT6H894,GB,IE,EUR,N
DPWd,DE0005552004,DE,IE,EUR,N
ENELm,IT0003128367,IT,IE,EUR,N
EIPAFn,IT0003132476,IT,IE,USD,N
FCAUn,NL00150001Q9,US,IE,USD,N
IFNNFn,DE0006231004,DE,IE,USD,N
ESLOFn,FR0000121667,FR,IE,USD,N
BASz,DE000BASF111,DE,GB,CHF,N
CRG,IE0001827041,GB,,GBP,N
KNEBVh,FI0009013403,FI,IE,EUR,N
,NL0012969182,NL,,EUR,N
BASd,DE000BASF111,,,EUR,
CRHl,IE0001827041,,,,
AIRp,NL0000235190,,,EUR,
PPBl,IE00BWT6H894,,,,
,DE000A1ML7J1,,,EUR,
RI,FR0000120693,FR,,EUR,N
DANz,FR0000120644,FR,,CHF,N
FP,FR0000120271,FR,,EUR,N
KNEBVh,FI0009013403,FI,IE,EUR,N
RIp,FR0000120693,FR,IE,EUR,N
8TId,NL00150001Q9,US,IE,EUR,N
DAINn,DE0007100000,DE,IE,MXN,N
BMWd,DE0005190003,DE,IE,EUR,N
CSp,FR0000120628,FR,IE,EUR,N
IFNNFn,DE0006231004,DE,IE,USD,N
BNPp,FR0000131104,FR,IE,EUR,N
DGp,FR0000125486,FR,IE,EUR,N
MOHd,FR0000121014,FR,IE,EUR,N
DTEd,DE0005557508,DE,IE,EUR,N
MERCEt,DE0007100000,DE,IE,HUF,N
1NBAd,BE0974293251,BE,GB,EUR,N
MBGz,DE0007100000,DE,IE,CHF,N
DEUTTt,DE0005557508,DE,IE,HUF,N
MBGd,DE0007100000,DE,IE,EUR,N
CRGi,IE0001827041,IE,IE,EUR,N
ENIm,IT0003132476,IT,IE,EUR,N
CRHCFn,IE0001827041,IE,IE,USD,N
DGp,FR0000125486,FR,IE,EUR,N
DDAIFn,DE0007100000,DE,IE,USD,N
ELp,FR0000121667,FR,IE,EUR,N
EADSFn,NL0000235190,FR,IE,USD,N
DTEGFn,DE0005557508,DE,IE,USD,N
8TId,NL00150001Q9,US,IE,EUR,N
ESOCFn,IT0003128367,IT,IE,USD,N
DTEd,DE0005557508,DE,IE,EUR,N
BAYERt,DE000BAY0017,DE,IE,HUF,N
BFFAFn,DE000BASF111,DE,IE,USD,N
ALIZFn,DE0008404005,DE,IE,USD,N
BCDRFn,ES0113900J37,ES,IE,USD,N
ANHn,BE0974293251,BE,IE,ZAR,N
LRLCFn,FR0000120321,FR,IE,USD,N
BASz,DE000BASF111,DE,IE,CHF,N
AXAHFn,FR0000120628,FR,IE,USD,N
BASFt,DE000BASF111,DE,IE,HUF,N
ASMLFn,NL0010273215,NL,IE,USD,N
BASd,DE000BASF111,DE,IE,EUR,N
ALVd,DE0008404005,DE,IE,EUR,N
BAYNz,DE000BAY0017,DE,IE,CHF,N
SANe,ES0113900J37,ES,IE,EUR,N
BMWt,DE0005190003,DE,IE,HUF,N
BNp,FR0000120644,FR,IE,EUR,N
SINz,DE0007236101,DE,,CHF,N
ASMLa,NL0010273215,NL,IE,EUR,N
BAMXFn,DE0005190003,DE,IE,USD,N
BBVAe,ES0113211835,ES,IE,EUR,N
BAYNd,DE000BAY0017,DE,IE,EUR,N
AIQUFn,FR0000120073,FR,IE,USD,N
BAYNd,DE000BAY0017,DE,IE,EUR,N
IFXz,DE0006231004,DE,IE,CHF,N
ESOCFn,IT0003128367,IT,IE,USD,N
BBVXFn,ES0113211835,ES,IE,USD,N
DTEk,DE0005557508,DE,GB,CZK,N
,IE00BZ12WP82,US,,EUR,N
ELm,FR0000121667,FR,GB,EUR,N
ELm,FR0000121667,FR,,EUR,N
ALVd,DE0008404005,DE,GB,EUR,N
DTEk,DE0005557508,DE,IE,CZK,N
DTEk,DE0005557508,DE,IE,CZK,N
VOWk,DE0007664039,DE,IE,CZK,N
ADDDFn,DE000A1EWWW0,DE,IE,USD,N
SIEd,DE0007236101,DE,IE,EUR,N
ADDDFn,DE000A1EWWW0,DE,IE,USD,N
ADSd,DE000A1EWWW0,DE,IE,EUR,N
SAFRFn,FR0000073272,FR,IE,USD,N
ABIb,BE0974293251,BE,IE,EUR,N
ADIDAt,DE000A1EWWW0,DE,IE,HUF,N
PDRDFn,FR0000120693,FR,IE,USD,N
DAINn,DE0007100000,DE,IE,MXN,N
BASz,DE000BASF111,DE,IE,CHF,N
ALIZFn,DE0008404005,DE,IE,USD,N
ADa,NL0011794037,NL,IE,EUR,N
ADYENa,NL0012969182,NL,IE,EUR,N
BBVAe,ES0113211835,ES,IE,EUR,N
BMWd,DE0005190003,DE,IE,EUR,N
AHODFn,NL0011794037,NL,IE,USD,N
SANe,ES0113900J37,ES,IE,EUR,N
AIp,FR0000120073,FR,IE,EUR,N
DG,FR0000125486,FR,,EUR,N
INN1d,NL0011821202,NL,IE,EUR,N
GPDNFn,FR0000120644,FR,IE,USD,N
SAN,ES0113900J37,ES,,EUR,N
AIQUFn,FR0000120073,FR,IE,USD,N
SAF,FR0000073272,FR,,EUR,N
AIRp,NL0000235190,FR,IE,EUR,N
DPWd,DE0005552004,DE,IE,EUR,N
BCDRFn,ES0113900J37,ES,IE,USD,N
SAN,FR0000120578,FR,,EUR,N
BNCl,ES0113900J37,ES,IE,GBP,N
CRHCFn,IE0001827041,IE,IE,USD,N
PHI1d,NL0000009538,NL,IE,EUR,N
OR,FR0000120321,FR,,EUR,N
ALVd,DE0008404005,DE,IE,EUR,N
AHODFn,NL0011794037,NL,IE,USD,N
BAYe,DE000BAY0017,DE,,EUR,N
BAYNz,DE000BAY0017,DE,IE,CHF,N
ADIDAt,DE000A1EWWW0,DE,GB,HUF,N
ADIDAT,DE000A1EWWW0,DE,IE,HUF,N
INN1d,NL0011821202,NL,GB,EUR,N
ALLIAt,DE0008404005,DE,GB,HUF,N
LINDEt,IE00BZ12WP82,US,IE,HUF,N
VOWk,DE0007664039,DE,IE,CZK,N
VOWk,DE0007664039,DE,GB,CZK,N
ALLIAt,DE0008404005,DE,IE,HUF,N
LINDEt,IE00BZ12WP82,US,GB,HUF,N
ALLIAt,DE0008404005,DE,IE,HUF,N
LINDEt,IE00BZ12WP82,US,IE,HUF,N
VNAd,DE000A1ML7J1,DE,IE,EUR,N
PPRUFn,FR0000121485,FR,IE,USD,N
BBVA,ES0113211835,ES,,EUR,N
BNp,FR0000120644,FR,IE,EUR,N
AIRp,NL0000235190,FR,IE,EUR,N
ENELm,IT0003128367,IT,IE,EUR,N
,IE00BWT6H894,GB,,GBP,N
DAIMFn,DE000A1ML7J1,DE,IE,USD,N
ORp,FR0000120321,FR,IE,EUR,N
KNYJFn,FI0009013403,FI,IE,USD,N
ENIm,IT0003132476,IT,IE,EUR,N
IFXd,DE0006231004,DE,IE,EUR,N
BAYe,DE000BAY0017,DE,GB,EUR,N
DAIz,DE0007100000,DE,GB,CHF,N
MERCEt,DE0007100000,DE,IE,HUF,N
BAYERt,DE000BAY0017,DE,GB,HUF,N
BMWt,DE0005190003,DE,IE,HUF,N
INFINt,DE0006231004,DE,IE,HUF,N
SAPt,DE0007164600,DE,GB,HUF,N
BASFt,DE000BASF111,DE,GB,HUF,N
BASFt,DE000BASF111,DE,IE,HUF,N
BAYERt,DE000BAY0017,DE,IE,HUF,N
MERCEt,DE0007100000,DE,GB,HUF,N
DEUTTt,DE0005557508,DE,IE,HUF,N
VOLKSt,DE0007664039,DE,IE,HUF,N
DEUTTt,DE0005557508,DE,GB,HUF,N
SAPt,DE0007164600,DE,IE,HUF,N
BMWt,DE0005190003,DE,GB,HUF,N
INFINt,DE0006231004,DE,GB,HUF,N
VOLKSt,DE0007664039,DE,GB,HUF,N
BN,FR0000120644,FR,,CHF,Y
PHI1d,NL0000009538,NL,GB,EUR,N
TTEp,FR0000120271,FR,IE,EUR,N
DTEGFn,DE0005557508,DE,IE,USD,N
INGVFn,NL0011821202,NL,IE,USD,N
ITX,ES0148396007,ES,,EUR,N
SAFp,FR0000073272,FR,NL,EUR,N
SAFp,FR0000073272,FR,IE,EUR,N
ADSd,DE000A1EWWW0,DE,IE,EUR,N
BNPd,FR0000131104,FR,IE,EUR,N
ISPm,IT0000072618,IT,IE,EUR,N
CRHl,IE0001827041,IE,IE,GBP,N
BSD2d,ES0113900J37,ES,GB,EUR,N
CRG,IE0001827041,IE,IT,EUR,N
MBGz,DE0007100000,DE,IE,CHF,N
BAYNz,DE000BAY0017,DE,GB,CHF,N
ASMEd,NL0010273215,NL,GB,EUR,N
8TId,NL00150001Q9,US,GB,EUR,N
KNEBV,FI0009013403,FI,,EUR,N
BAS,DE000BASF111,DE,,CHF,N
MUV2,DE0008430026,DE,,EUR,N
CS,FR0000120628,FR,,EUR,N
BAYN,DE000BAY0017,DE,,EUR,N
SAPd,DE0007164600,DE,IE,EUR,N
SAPGFn,DE0007164600,DE,IE,USD,N
,DE000A1ML7J1,DE,,EUR,N
CRGi,IE0001827041,IE,IE,EUR,N
EADSFn,NL0000235190,FR,IE,USD,N
BBVXFn,ES0113211835,ES,IE,USD,N
SNYNFn,FR0000120578,FR,IE,USD,N
SBGSFn,FR0000121972,FR,IE,USD,N
ITXe,ES0148396007,ES,IE,EUR,N
IDEXFn,ES0148396007,ES,IE,USD,N
INGA.XAMS,NL0011821202,NL,GB,EUR,N
AIRp,NL0000235190,FR,GB,EUR,N
CRHl,IE0001827041,IE,GB,GBP,N
BAS,DE000BASF111,DE,,EUR,N
ASMLFn,NL0010273215,NL,IE,USD,N
KER,FR0000121485,FR,,EUR,N
DB1,DE0005810055,DE,,EUR,N
SAN,ES0113900J37,ES,,GBP,N
BN,FR0000120644,FR,,EUR,N
SIE,DE0007236101,DE,,EUR,N
BFAl,DE000BASF111,DE,GB,EUR,N
VOLKSt,DE0007664039,DE,IE,HUF,N
VOW3d,DE0007664039,DE,IE,EUR,N
TOTBd,FR0000120271,FR,GB,EUR,N
ENI,IT0003132476,IT,,EUR,N
SAP,DE0007164600,DE,,EUR,N
IBEe,ES0144580Y14,ES,IE,EUR,N
FCAUn,NL00150001Q9,US,IE,USD,N
LVMHFn,FR0000121014,FR,IE,USD,N
ELp,FR0000121667,FR,IE,EUR,N
ADS,DE000A1EWWW0,DE,,EUR,N
PHGFFn,NL0000009538,NL,IE,USD,N
DB1d,DE0005810055,DE,IE,EUR,N
SUp,FR0000121972,FR,IE,EUR,N
VWVz,DE0007664039,DE,IE,CHF,N
ASML,NL0010273215,NL,,EUR,N
TTFNFn,FR0000120271,FR,IE,USD,N
BFAl,DE000BASF111,DE,,EUR,N
TTFNFn,FR0000120271,FR,IE,USD,N
VNAd,DE000A1ML7J1,DE,IE,EUR,N
VWVz,DE0007664039,DE,GB,CHF,N
MC,FR0000121014,FR,,EUR,N
BVAl,ES0113211835,ES,GB,EUR,N
VLKPFn,DE0007664039,DE,IE,USD,N
FCAm,NL00150001Q9,IT,GB,EUR,N
,NL0013654783,NL,,EUR,N
BNP,FR0000131104,FR,,EUR,N
ALV,DE0008404005,DE,,EUR,N
SIEMEt,DE0007236101,DE,IE,HUF,N
ABI,BE0974293251,BE,,EUR,N
IFX,DE0006231004,DE,,EUR,N
VLKPFn,DE0007664039,DE,IE,USD,N
ENEL,IT0003128367,IT,,EUR,N
SANT,ES0113900J37,ES,IT,EUR,N
RIp,FR0000120693,FR,IE,EUR,N
SANp,FR0000120578,FR,IE,EUR,N
SNYNFn,FR0000120578,FR,IE,USD,N
SANw,ES0113900J37,ES,IE,PLN,N
RMSp,FR0000052292,FR,IE,EUR,N
SAFRFn,FR0000073272,FR,IE,USD,N
SAPd,DE0007164600,DE,IE,EUR,N
SUp,FR0000121972,FR,IE,EUR,N
1NBAd,BE0974293251,BE,IE,EUR,N
SMAWFn,DE0007236101,DE,IE,USD,N
SAPGFn,DE0007164600,DE,IE,USD,N
ANHN,BE0974293251,BE,IE,ZAR,N
SBGSFn,FR0000121972,FR,IE,USD,N
SIE,DE0007236101,DE,,CHF,Y
SIEMEt,DE0007236101,DE,IE,HUF,N
SAFp,FR0000073272,FR,IE,EUR,N
AI,FR0000120073,FR,,EUR,N
SIEd,DE0007236101,DE,IE,EUR,N
1TYd,NL0013654783,NL,GB,EUR,N
1TYd,NL0013654783,NL,IE,EUR,N
MOHD,FR0000121014,FR,GB,EUR,N
BNPd,FR0000131104,FR,GB,EUR,N
